player id,team id,player,team,posicion,Edad,appearances,minutesPlayed,rating,goals,assists,goalsAssistsSum,penaltyGoals,expectedGoals,expectedAssists,totalShots,shotsOnTarget,shotsOffTarget,bigChancesCreated,keyPasses,totalPasses,accuratePassesPercentage,successfulDribbles,tackles,interceptions,ballRecovery,clearances,blockedShots,totalDuelsWon,duelLost,wasFouled,fouls,yellowCards,redCards,ownGoals,goals_per90,assists_per90,goalsAssistsSum_per90,expectedGoals_per90,expectedAssists_per90,totalShots_per90,shotsOnTarget_per90,keyPasses_per90,successfulDribbles_per90,tackles_per90,interceptions_per90,ballRecovery_per90,totalDuelsWon_per90,wasFouled_per90,fouls_per90,yellowCards_per90,redCards_per90
249383,222120,Claudio Corvalán,Deportivo Madryn,Defensor,37,9,810.0,7.71,1,0,0.0,0,,,1.0,0.0,,,1.0,302.0,79.47,1.0,,,113.0,66.0,8.0,40.0,23.0,10.0,3.0,1,0,0.0,0.11,0.0,0.0,,,0.11,0.0,0.11,0.11,,,12.56,4.44,1.11,0.33,0.11,0.0
1191418,213042,Marcelo Eggel,Deportivo Maipú,Mediocampista,27,18,1546.0,7.61,5,4,9.0,1,,,52.0,24.0,,,27.0,609.0,70.11,40.0,,,95.0,10.0,2.0,109.0,150.0,26.0,3.0,4,0,0.0,0.29,0.23,0.52,,,3.03,1.4,1.57,2.33,,,5.53,6.35,1.51,0.17,0.23,0.0
1117068,23950,Lautaro Ovando,San Martín de Tucumán,Delantero,23,4,273.0,7.58,3,0,3.0,0,,,5.0,4.0,,,7.0,63.0,61.9,10.0,,,14.0,1.0,0.0,39.0,51.0,9.0,5.0,0,0,0.0,0.99,0.0,0.99,,,1.65,1.32,2.31,3.3,,,4.62,12.86,2.97,1.65,0.0,0.0
1132948,3207,Ignacio Lago,Club Atletico Colón,Mediocampista,24,26,2217.0,7.56,11,6,17.0,4,,,78.0,25.0,,,35.0,781.0,70.93,75.0,,,128.0,17.0,1.0,245.0,282.0,43.0,29.0,3,0,0.0,0.45,0.24,0.69,,,3.17,1.01,1.42,3.04,,,5.2,9.95,1.75,1.18,0.12,0.0
1109319,270344,Marcos Roseti,Ferrocarril Midland,Mediocampista,29,23,1896.0,7.51,3,4,7.0,0,,,42.0,17.0,,,53.0,996.0,77.31,46.0,,,120.0,2.0,2.0,220.0,283.0,71.0,19.0,3,0,0.0,0.14,0.19,0.33,,,1.99,0.81,2.52,2.18,,,5.7,10.44,3.37,0.9,0.14,0.0
943794,5292,Francisco Molina,Gimnasia Y Esgrima De Jujuy,Mediocampista,35,25,1796.0,7.46,3,7,11.0,0,,,53.0,23.0,,,43.0,459.0,57.73,89.0,,,64.0,5.0,0.0,169.0,203.0,18.0,21.0,4,0,0.0,0.15,0.35,0.55,,,2.66,1.15,2.15,4.46,,,3.21,8.47,0.9,1.05,0.2,0.0
1111534,270344,Agustin Campana,Ferrocarril Midland,Mediocampista,28,18,1255.0,7.43,2,2,4.0,0,,,62.0,20.0,,,30.0,470.0,63.4,33.0,,,92.0,8.0,2.0,124.0,139.0,18.0,17.0,2,0,0.0,0.14,0.14,0.29,,,4.45,1.43,2.15,2.37,,,6.6,8.89,1.29,1.22,0.14,0.0
1597451,34976,Mayco  Bergia,Atlético de Rafaela,Portero,24,27,2430.0,7.42,0,1,1.0,0,,,0.0,0.0,,,0.0,484.0,79.34,0.0,,,123.0,8.0,0.0,11.0,4.0,3.0,0.0,3,0,0.0,0.0,0.04,0.04,,,0.0,0.0,0.0,0.0,,,4.56,0.41,0.11,0.0,0.11,0.0
830742,23950,Gabriel Carabajal,San Martín de Tucumán,Mediocampista,34,8,616.0,7.4,2,2,2.0,1,,,13.0,3.0,,,9.0,192.0,77.08,5.0,,,26.0,1.0,0.0,40.0,41.0,19.0,7.0,1,0,0.0,0.29,0.29,0.29,,,1.9,0.44,1.31,0.73,,,3.8,5.84,2.78,1.02,0.15,0.0
933171,255425,Franco Ferrari,CA Mitre,Mediocampista,34,22,1915.0,7.37,0,1,1.0,0,,,14.0,8.0,,,22.0,712.0,66.99,47.0,,,215.0,45.0,5.0,229.0,158.0,40.0,18.0,2,0,0.0,0.0,0.05,0.05,,,0.66,0.38,1.03,2.21,,,10.1,10.76,1.88,0.85,0.09,0.0
791146,112497,Daniel Franco,Los Andes,Defensor,35,25,2250.0,7.36,0,0,0.0,0,,,10.0,2.0,,,2.0,1055.0,77.16,3.0,,,341.0,101.0,18.0,178.0,129.0,20.0,15.0,4,1,0.0,0.0,0.0,0.0,,,0.4,0.08,0.08,0.12,,,13.64,7.12,0.8,0.6,0.16,0.04
340847,222120,Yair Bonnin,Deportivo Madryn,Portero,35,27,2430.0,7.33,0,0,0.0,0,,,0.0,0.0,,,2.0,471.0,79.62,0.0,,,105.0,5.0,0.0,18.0,1.0,10.0,1.0,1,0,0.0,0.0,0.0,0.0,,,0.0,0.0,0.07,0.0,,,3.89,0.67,0.37,0.04,0.04,0.0
992971,93513,Joaquín Bigo,Tristán Suárez,Portero,28,26,2340.0,7.32,0,0,0.0,0,,,0.0,0.0,,,2.0,430.0,73.49,2.0,,,158.0,7.0,0.0,19.0,4.0,9.0,0.0,1,0,0.0,0.0,0.0,0.0,,,0.0,0.0,0.08,0.08,,,6.08,0.73,0.35,0.0,0.04,0.0
2003010,112497,Alex Chamorro,Los Andes,Mediocampista,20,20,1604.0,7.32,2,3,5.0,0,,,34.0,13.0,,,23.0,429.0,68.76,74.0,,,70.0,8.0,2.0,170.0,190.0,33.0,7.0,2,0,0.0,0.11,0.17,0.28,,,1.91,0.73,1.29,4.15,,,3.93,9.54,1.85,0.39,0.11,0.0
819193,112497,Sebastián López,Los Andes,Portero,40,23,2070.0,7.31,0,0,0.0,0,,,1.0,0.0,,,1.0,406.0,86.21,1.0,,,128.0,9.0,0.0,12.0,2.0,1.0,0.0,2,0,0.0,0.0,0.0,0.0,,,0.04,0.0,0.04,0.04,,,5.57,0.52,0.04,0.0,0.09,0.0
42571,4936,Gonzalo Marinelli,Quilmes Atlético Club,Portero,37,18,1620.0,7.31,0,0,0.0,0,,,0.0,0.0,,,2.0,263.0,82.13,0.0,,,70.0,6.0,0.0,9.0,2.0,4.0,0.0,0,0,0.0,0.0,0.0,0.0,,,0.0,0.0,0.11,0.0,,,3.89,0.5,0.22,0.0,0.0,0.0
1210374,112493,Facundo Rivero,Colegiales,Defensor,33,21,1890.0,7.31,3,0,3.0,2,,,16.0,6.0,,,3.0,767.0,72.75,2.0,,,329.0,121.0,9.0,238.0,96.0,14.0,13.0,4,0,0.0,0.14,0.0,0.14,,,0.76,0.29,0.14,0.1,,,15.67,11.33,0.67,0.62,0.19,0.0
1502092,93109,Franco Fagundez,Deportivo Morón,Delantero,27,25,1849.0,7.3,12,8,20.0,2,,,45.0,22.0,,,22.0,323.0,59.75,41.0,,,59.0,5.0,2.0,135.0,280.0,20.0,36.0,3,1,0.0,0.58,0.39,0.97,,,2.19,1.07,1.07,2.0,,,2.87,6.57,0.97,1.75,0.15,0.05
789631,5292,Nicolas Diego Dematei,Gimnasia Y Esgrima De Jujuy,Defensor,38,23,2022.0,7.3,0,0,0.0,0,,,7.0,1.0,,,12.0,1325.0,82.34,8.0,,,296.0,83.0,18.0,160.0,113.0,47.0,13.0,6,2,0.0,0.0,0.0,0.0,,,0.31,0.04,0.53,0.36,,,13.18,7.12,2.09,0.58,0.27,0.09
1185165,252726,Nicolás Caprio,Chaco For Ever,Portero,37,18,1522.0,7.29,0,0,0.0,0,,,0.0,0.0,,,2.0,260.0,75.38,0.0,,,79.0,8.0,0.0,9.0,3.0,4.0,0.0,0,0,0.0,0.0,0.0,0.0,,,0.0,0.0,0.12,0.0,,,4.67,0.53,0.24,0.0,0.0,0.0
989677,53799,Lautaro López,Atlanta,Portero,25,4,339.0,7.28,0,1,1.0,0,,,0.0,0.0,,,0.0,66.0,87.88,0.0,,,18.0,1.0,0.0,1.0,0.0,0.0,0.0,0,0,0.0,0.0,0.27,0.27,,,0.0,0.0,0.0,0.0,,,4.78,0.27,0.0,0.0,0.0,0.0
1393579,34976,Ulises Yegros,Atlético de Rafaela,Defensor,25,7,630.0,7.27,1,0,1.0,0,,,4.0,3.0,,,1.0,294.0,80.95,2.0,,,82.0,48.0,3.0,43.0,37.0,0.0,4.0,1,0,0.0,0.14,0.0,0.14,,,0.57,0.43,0.14,0.29,,,11.71,6.14,0.0,0.57,0.14,0.0
1199311,213361,Joaquín Enrico,San Telmo,Portero,25,27,2430.0,7.27,0,0,0.0,0,,,0.0,0.0,,,0.0,451.0,74.94,0.0,,,117.0,18.0,0.0,15.0,4.0,5.0,2.0,2,0,0.0,0.0,0.0,0.0,,,0.0,0.0,0.0,0.0,,,4.33,0.56,0.19,0.07,0.07,0.0
2469039,273657,Leandro Cordoba,Racing de Córdoba,Mediocampista,21,20,1616.0,7.27,4,1,6.0,0,,,56.0,18.0,,,21.0,473.0,71.88,57.0,,,89.0,5.0,0.0,189.0,250.0,28.0,33.0,5,0,0.0,0.22,0.06,0.33,,,3.12,1.0,1.17,3.17,,,4.96,10.53,1.56,1.84,0.28,0.0
249639,112499,Ezequiel Mastrolia,Temperley,Portero,35,23,2011.0,7.26,0,0,0.0,0,,,0.0,0.0,,,1.0,380.0,85.53,0.0,,,85.0,4.0,0.0,7.0,1.0,4.0,0.0,2,0,0.0,0.0,0.0,0.0,,,0.0,0.0,0.04,0.0,,,3.8,0.31,0.18,0.0,0.09,0.0
2216770,3200,Leonel Ortiz,Nueva Chicago,Delantero,19,11,990.0,7.26,0,0,0.0,0,,,0.0,0.0,,,0.0,21.0,42.86,0.0,,,15.0,9.0,4.0,12.0,15.0,1.0,0.0,0,0,0.0,0.0,0.0,0.0,,,0.0,0.0,0.0,0.0,,,1.36,1.09,0.09,0.0,0.0,0.0
974632,340432,Agustín Rufinetti,Ciudad de Bolivar,Portero,26,27,2430.0,7.24,0,0,0.0,0,,,0.0,0.0,,,0.0,427.0,75.41,0.0,,,98.0,5.0,0.0,12.0,2.0,5.0,0.0,3,0,0.0,0.0,0.0,0.0,,,0.0,0.0,0.0,0.0,,,3.63,0.44,0.19,0.0,0.11,0.0
2063992,222120,Nazareno Solís,Deportivo Madryn,Mediocampista,32,26,2127.0,7.24,2,4,6.0,0,,,30.0,12.0,,,31.0,709.0,72.92,17.0,,,109.0,10.0,3.0,129.0,132.0,39.0,17.0,5,0,0.0,0.08,0.17,0.25,,,1.27,0.51,1.31,0.72,,,4.61,5.46,1.65,0.72,0.21,0.0
992055,93513,Agustín Baldi,Tristán Suárez,Defensor,24,25,2250.0,7.24,1,0,1.0,0,,,9.0,1.0,,,3.0,895.0,76.98,14.0,,,325.0,130.0,17.0,269.0,190.0,19.0,24.0,5,0,0.0,0.04,0.0,0.04,,,0.36,0.04,0.12,0.56,,,13.0,10.76,0.76,0.96,0.2,0.0
796581,222126,Manuel Guanini,Gimnasia y Tiro de Salta,Defensor,30,25,2239.0,7.24,2,1,3.0,0,,,14.0,6.0,,,3.0,924.0,80.09,7.0,,,333.0,134.0,18.0,244.0,108.0,21.0,23.0,6,1,0.0,0.08,0.04,0.12,,,0.56,0.24,0.12,0.28,,,13.39,9.81,0.84,0.92,0.24,0.04
364980,3207,Leandro Garate,Club Atletico Colón,Delantero,33,6,376.0,7.24,1,0,1.0,0,,,13.0,6.0,,,3.0,87.0,75.86,3.0,,,12.0,4.0,1.0,40.0,52.0,5.0,3.0,0,0,0.0,0.24,0.0,0.24,,,3.11,1.44,0.72,0.72,,,2.87,9.57,1.2,0.72,0.0,0.0
1547224,36841,Enzo Hoyos,Club Ferro Carril Oeste,Mediocampista,26,22,1495.0,7.23,3,4,7.0,0,,,23.0,12.0,,,32.0,647.0,75.73,30.0,,,118.0,7.0,0.0,194.0,188.0,48.0,20.0,2,0,0.0,0.18,0.24,0.42,,,1.38,0.72,1.93,1.81,,,7.1,11.68,2.89,1.2,0.12,0.0
1020507,4936,Esteban Glellel,Quilmes Atlético Club,Portero,27,5,450.0,7.23,0,0,0.0,0,,,0.0,0.0,,,0.0,60.0,70.0,0.0,,,21.0,3.0,0.0,1.0,0.0,0.0,0.0,0,0,0.0,0.0,0.0,0.0,,,0.0,0.0,0.0,0.0,,,4.2,0.2,0.0,0.0,0.0,0.0
980767,43741,Brandon Cortés,Patronato,Mediocampista,25,20,1403.0,7.22,2,0,2.0,0,,,32.0,11.0,,,14.0,617.0,75.36,21.0,,,157.0,10.0,0.0,162.0,164.0,25.0,31.0,5,0,0.0,0.13,0.0,0.13,,,2.05,0.71,0.9,1.35,,,10.07,10.39,1.6,1.99,0.32,0.0
1431953,7772,Manuel Cocca,San Martín de San Juan,Defensor,23,20,1797.0,7.21,2,0,2.0,0,,,16.0,9.0,,,1.0,802.0,79.3,4.0,,,207.0,95.0,10.0,152.0,121.0,15.0,14.0,4,0,0.0,0.1,0.0,0.1,,,0.8,0.45,0.05,0.2,,,10.37,7.61,0.75,0.7,0.2,0.0
1891465,340432,Elias Martinez,Ciudad de Bolivar,Defensor,32,24,2160.0,7.2,1,0,1.0,0,,,19.0,7.0,,,1.0,528.0,73.86,6.0,,,278.0,172.0,15.0,226.0,128.0,9.0,27.0,7,1,0.0,0.04,0.0,0.04,,,0.79,0.29,0.04,0.25,,,11.58,9.42,0.38,1.12,0.29,0.04
900191,93109,Emanuel Iñíguez,Deportivo Morón,Defensor,29,7,592.0,7.2,2,0,2.0,0,,,8.0,4.0,,,3.0,223.0,70.4,2.0,,,63.0,27.0,0.0,56.0,35.0,7.0,9.0,1,0,0.0,0.3,0.0,0.3,,,1.22,0.61,0.46,0.3,,,9.58,8.51,1.06,1.37,0.15,0.0
2509688,23950,Alejandro Galvan,San Martín de Tucumán,Defensor,,3,270.0,7.2,0,0,0.0,0,,,0.0,0.0,,,0.0,58.0,87.93,0.0,,,13.0,7.0,0.0,6.0,7.0,0.0,1.0,2,0,0.0,0.0,0.0,0.0,,,0.0,0.0,0.0,0.0,,,4.33,2.0,0.0,0.33,0.67,0.0
1086328,93513,Brian Aguilar,Tristán Suárez,Defensor,23,20,1800.0,7.2,0,0,0.0,0,,,3.0,0.0,,,2.0,859.0,85.45,6.0,,,297.0,89.0,13.0,168.0,94.0,13.0,14.0,6,0,0.0,0.0,0.0,0.0,,,0.15,0.0,0.1,0.3,,,14.85,8.4,0.65,0.7,0.3,0.0
295165,5292,Guillermo Cosaro,Gimnasia Y Esgrima De Jujuy,Defensor,37,25,2234.0,7.19,2,0,2.0,0,,,12.0,5.0,,,5.0,1213.0,86.73,1.0,,,295.0,108.0,19.0,159.0,135.0,21.0,9.0,3,0,0.0,0.08,0.0,0.08,,,0.48,0.2,0.2,0.04,,,11.88,6.41,0.85,0.36,0.12,0.0
1819311,43740,Leandro Iglesias,Almirante Brown,Mediocampista,25,8,603.0,7.19,0,1,1.0,0,,,6.0,1.0,,,7.0,308.0,78.57,2.0,,,58.0,6.0,0.0,44.0,50.0,9.0,9.0,0,0,0.0,0.0,0.15,0.15,,,0.9,0.15,1.04,0.3,,,8.66,6.57,1.34,1.34,0.0,0.0
1125239,112497,Julian Rodriguez,Los Andes,Defensor,26,21,1855.0,7.19,1,1,2.0,0,,,10.0,2.0,,,9.0,892.0,77.24,6.0,,,276.0,82.0,11.0,172.0,96.0,4.0,12.0,4,0,0.0,0.05,0.05,0.1,,,0.49,0.1,0.44,0.29,,,13.39,8.35,0.19,0.58,0.19,0.0
842865,36834,Ricardo Blanco,All Boys,Mediocampista,36,13,886.0,7.18,0,1,1.0,0,,,29.0,7.0,,,18.0,273.0,65.93,15.0,,,59.0,1.0,2.0,55.0,58.0,8.0,5.0,1,0,0.0,0.0,0.1,0.1,,,2.95,0.71,1.83,1.52,,,5.99,5.59,0.81,0.51,0.1,0.0
155696,43740,Bruno Galvan,Almirante Brown,Portero,32,27,2430.0,7.18,0,0,0.0,0,,,0.0,0.0,,,0.0,436.0,79.36,0.0,,,124.0,8.0,0.0,12.0,2.0,3.0,0.0,2,0,0.0,0.0,0.0,0.0,,,0.0,0.0,0.0,0.0,,,4.59,0.44,0.11,0.0,0.07,0.0
1020522,3200,Luciano Jachfe,Nueva Chicago,Portero,25,12,1080.0,7.18,0,0,0.0,0,,,0.0,0.0,,,0.0,267.0,80.15,0.0,,,57.0,8.0,0.0,1.0,0.0,0.0,0.0,1,0,0.0,0.0,0.0,0.0,,,0.0,0.0,0.0,0.0,,,4.75,0.08,0.0,0.0,0.08,0.0
340839,23950,Nicolás Ferreyra,San Martín de Tucumán,Defensor,33,21,1890.0,7.18,2,0,1.0,0,,,13.0,7.0,,,4.0,742.0,85.31,2.0,,,269.0,71.0,13.0,212.0,97.0,10.0,28.0,9,0,0.0,0.1,0.0,0.05,,,0.62,0.33,0.19,0.1,,,12.81,10.1,0.48,1.33,0.43,0.0
33958,213042,Enzo Pérez,Deportivo Maipú,Mediocampista,40,5,415.0,7.18,0,0,0.0,0,,,0.0,0.0,,,1.0,141.0,87.23,2.0,,,38.0,11.0,3.0,40.0,22.0,16.0,5.0,2,1,0.0,0.0,0.0,0.0,,,0.0,0.0,0.22,0.43,,,8.24,8.67,3.47,1.08,0.43,0.22
941519,273657,Gonzalo Laborda,Racing de Córdoba,Portero,31,5,404.0,7.18,0,0,0.0,0,,,0.0,0.0,,,0.0,68.0,77.94,0.0,,,20.0,3.0,0.0,5.0,2.0,1.0,0.0,2,0,0.0,0.0,0.0,0.0,,,0.0,0.0,0.0,0.0,,,4.46,1.11,0.22,0.0,0.45,0.0
2104415,36841,Nazareno Kihm,Club Ferro Carril Oeste,Defensor,21,21,1742.0,7.18,1,2,3.0,0,,,25.0,6.0,,,17.0,671.0,62.3,25.0,,,186.0,49.0,8.0,179.0,147.0,36.0,19.0,5,0,0.0,0.05,0.1,0.15,,,1.29,0.31,0.88,1.29,,,9.61,9.25,1.86,0.98,0.26,0.0
1084966,112499,Gian Nardelli,Temperley,Defensor,26,4,270.0,7.18,0,0,0.0,0,,,2.0,0.0,,,0.0,142.0,85.21,0.0,,,35.0,10.0,6.0,26.0,20.0,1.0,1.0,0,0,0.0,0.0,0.0,0.0,,,0.67,0.0,0.0,0.0,,,11.67,8.67,0.33,0.33,0.0,0.0
992977,36834,Nicolás Carrizo,All Boys,Portero,35,27,2430.0,7.17,0,0,0.0,0,,,0.0,0.0,,,0.0,422.0,77.25,1.0,,,122.0,8.0,0.0,13.0,1.0,6.0,0.0,1,0,0.0,0.0,0.0,0.0,,,0.0,0.0,0.0,0.04,,,4.52,0.48,0.22,0.0,0.04,0.0
2113608,112493,Leonel Ortiz,Colegiales,Defensor,24,23,2070.0,7.17,2,0,2.0,0,,,13.0,6.0,,,3.0,563.0,70.52,0.0,,,274.0,141.0,13.0,182.0,113.0,12.0,19.0,3,0,1.0,0.09,0.0,0.09,,,0.57,0.26,0.13,0.0,,,11.91,7.91,0.52,0.83,0.13,0.0
2074016,3207,Tomás Ismael Paredes,Club Atletico Colón,Portero,22,3,270.0,7.17,0,0,0.0,0,,,0.0,0.0,,,0.0,55.0,69.09,0.0,,,12.0,0.0,0.0,1.0,0.0,1.0,0.0,0,0,0.0,0.0,0.0,0.0,,,0.0,0.0,0.0,0.0,,,4.0,0.33,0.33,0.0,0.0,0.0
2065837,270344,Genaro Cepeda,Ferrocarril Midland,Defensor,26,23,2023.0,7.17,0,0,0.0,0,,,10.0,1.0,,,3.0,740.0,67.57,3.0,,,382.0,128.0,14.0,267.0,127.0,8.0,13.0,5,0,0.0,0.0,0.0,0.0,,,0.44,0.04,0.13,0.13,,,16.99,11.88,0.36,0.58,0.22,0.0
1131034,7772,Sebastián Díaz,San Martín de San Juan,Portero,22,21,1890.0,7.17,0,1,1.0,0,,,0.0,0.0,,,0.0,441.0,77.78,0.0,,,109.0,4.0,0.0,7.0,1.0,1.0,0.0,0,0,0.0,0.0,0.05,0.05,,,0.0,0.0,0.0,0.0,,,5.19,0.33,0.05,0.0,0.0,0.0
1839598,340432,Tomas Guiacobini,Ciudad de Bolivar,Mediocampista,22,8,508.0,7.16,0,1,1.0,0,,,2.0,0.0,,,3.0,244.0,81.56,0.0,,,70.0,18.0,8.0,48.0,27.0,5.0,6.0,0,0,0.0,0.0,0.18,0.18,,,0.35,0.0,0.53,0.0,,,12.4,8.5,0.89,1.06,0.0,0.0
783430,52215,Leonardo Landriel,Defensores de Belgrano,Mediocampista,30,5,351.0,7.16,0,0,0.0,0,,,8.0,2.0,,,10.0,141.0,84.4,6.0,,,28.0,3.0,0.0,36.0,41.0,8.0,7.0,0,0,0.0,0.0,0.0,0.0,,,2.05,0.51,2.56,1.54,,,7.18,9.23,2.05,1.79,0.0,0.0
1512471,4936,Axel Batista,Quilmes Atlético Club,Mediocampista,24,27,1922.0,7.15,1,6,7.0,0,,,34.0,13.0,,,38.0,662.0,77.04,28.0,,,145.0,7.0,2.0,148.0,156.0,29.0,12.0,3,0,0.0,0.05,0.28,0.33,,,1.59,0.61,1.78,1.31,,,6.79,6.93,1.36,0.56,0.14,0.0
1093100,93107,Facundo Ardiles,Estudiantes de Buenos Aires,Defensor,27,26,2197.0,7.14,6,4,9.0,0,,,24.0,10.0,,,27.0,620.0,65.16,28.0,,,144.0,27.0,4.0,175.0,130.0,31.0,14.0,3,0,0.0,0.25,0.16,0.37,,,0.98,0.41,1.11,1.15,,,5.9,7.17,1.27,0.57,0.12,0.0
1020066,6074,Vicente Poggi,Godoy Cruz,Mediocampista,24,25,2173.0,7.13,5,1,6.0,0,,,35.0,12.0,,,17.0,924.0,75.87,30.0,,,193.0,24.0,3.0,188.0,217.0,19.0,32.0,8,1,0.0,0.21,0.04,0.25,,,1.45,0.5,0.7,1.24,,,7.99,7.79,0.79,1.33,0.33,0.04
1118276,93107,Dario Rostagno,Estudiantes de Buenos Aires,Delantero,25,14,1111.0,7.13,2,3,5.0,0,,,26.0,11.0,,,12.0,137.0,67.15,17.0,,,30.0,4.0,2.0,122.0,220.0,22.0,20.0,3,0,0.0,0.16,0.24,0.41,,,2.11,0.89,0.97,1.38,,,2.43,9.88,1.78,1.62,0.24,0.0
2046433,213042,Nahuel Galardi,Deportivo Maipú,Portero,24,27,2430.0,7.13,0,2,2.0,0,,,0.0,0.0,,,2.0,799.0,79.35,2.0,,,121.0,5.0,0.0,23.0,1.0,9.0,0.0,3,0,1.0,0.0,0.07,0.07,,,0.0,0.0,0.07,0.07,,,4.48,0.85,0.33,0.0,0.11,0.0
1117127,6074,Juan Strumia,Godoy Cruz,Portero,26,8,720.0,7.13,0,0,0.0,0,,,0.0,0.0,,,1.0,214.0,80.84,0.0,,,44.0,0.0,0.0,2.0,0.0,2.0,0.0,0,0,0.0,0.0,0.0,0.0,,,0.0,0.0,0.12,0.0,,,5.5,0.25,0.25,0.0,0.0,0.0
1131817,112499,Franco Benitez,Temperley,Mediocampista,24,26,1772.0,7.13,1,5,6.0,0,,,22.0,11.0,,,36.0,517.0,70.99,49.0,,,67.0,12.0,3.0,161.0,162.0,34.0,9.0,1,0,0.0,0.05,0.25,0.3,,,1.12,0.56,1.83,2.49,,,3.4,8.18,1.73,0.46,0.05,0.0
896879,270344,Luciano Recalde,Ferrocarril Midland,Defensor,31,18,1534.0,7.13,0,0,0.0,0,,,9.0,1.0,,,3.0,463.0,74.73,3.0,,,203.0,91.0,14.0,119.0,77.0,8.0,13.0,4,0,0.0,0.0,0.0,0.0,,,0.53,0.06,0.18,0.18,,,11.91,6.98,0.47,0.76,0.23,0.0
994452,6074,Martin Pino,Godoy Cruz,Delantero,28,24,2060.0,7.13,11,4,15.0,0,,,47.0,23.0,,,16.0,283.0,71.02,13.0,,,51.0,27.0,2.0,195.0,405.0,40.0,25.0,1,0,0.0,0.48,0.17,0.66,,,2.05,1.0,0.7,0.57,,,2.23,8.52,1.75,1.09,0.04,0.0
992101,112491,Mariano Monllor,Acassuso,Portero,37,26,2340.0,7.12,0,0,0.0,0,,,1.0,0.0,,,0.0,424.0,83.96,2.0,,,126.0,8.0,0.0,21.0,2.0,7.0,0.0,4,0,0.0,0.0,0.0,0.0,,,0.04,0.0,0.0,0.08,,,4.85,0.81,0.27,0.0,0.15,0.0
1182500,23950,Mauro Verón,San Martín de Tucumán,Delantero,27,6,315.0,7.12,2,1,3.0,0,,,12.0,5.0,,,4.0,47.0,63.83,2.0,,,10.0,0.0,0.0,17.0,30.0,1.0,2.0,1,0,0.0,0.57,0.29,0.86,,,3.43,1.43,1.14,0.57,,,2.86,4.86,0.29,0.57,0.29,0.0
1388385,36841,Martín Campos,Club Ferro Carril Oeste,Mediocampista,24,7,315.0,7.12,0,0,0.0,0,,,10.0,1.0,,,5.0,119.0,78.15,5.0,,,19.0,1.0,0.0,38.0,53.0,8.0,6.0,0,0,0.0,0.0,0.0,0.0,,,2.86,0.29,1.43,1.43,,,5.43,10.86,2.29,1.71,0.0,0.0
800242,36841,Emiliano Osuna,Club Ferro Carril Oeste,Defensor,30,26,2068.0,7.12,0,1,1.0,0,,,24.0,3.0,,,20.0,777.0,78.76,18.0,,,242.0,77.0,3.0,179.0,182.0,18.0,25.0,8,0,0.0,0.0,0.04,0.04,,,1.04,0.13,0.87,0.78,,,10.53,7.79,0.78,1.09,0.35,0.0
1179170,7772,Hernán Zuliani,San Martín de San Juan,Defensor,22,25,2067.0,7.11,4,4,8.0,0,,,30.0,9.0,,,20.0,779.0,72.02,19.0,,,218.0,59.0,2.0,198.0,164.0,14.0,17.0,3,0,0.0,0.17,0.17,0.35,,,1.31,0.39,0.87,0.83,,,9.49,8.62,0.61,0.74,0.13,0.0
1021876,4936,Agustín Lavezzi,Quilmes Atlético Club,Delantero,30,27,1742.0,7.11,8,2,10.0,2,,,55.0,21.0,,,15.0,432.0,65.05,45.0,,,39.0,4.0,3.0,154.0,282.0,46.0,19.0,1,0,0.0,0.41,0.1,0.52,,,2.84,1.08,0.77,2.32,,,2.01,7.96,2.38,0.98,0.05,0.0
974033,264945,Dixon Renteria,San Miguel,Defensor,30,18,1486.0,7.11,0,0,0.0,0,,,6.0,0.0,,,9.0,399.0,71.18,1.0,,,192.0,115.0,16.0,138.0,88.0,8.0,12.0,3,0,1.0,0.0,0.0,0.0,,,0.36,0.0,0.55,0.06,,,11.63,8.36,0.48,0.73,0.18,0.0
1651228,23950,Bruno Cabrera,San Martín de Tucumán,Mediocampista,23,9,702.0,7.1,3,1,2.0,0,,,11.0,7.0,,,5.0,133.0,62.41,5.0,,,38.0,5.0,2.0,61.0,72.0,11.0,14.0,1,0,0.0,0.38,0.13,0.26,,,1.41,0.9,0.64,0.64,,,4.87,7.82,1.41,1.79,0.13,0.0
2550050,112499,Oswaldo Enrique Pacheco Oliveros,Temperley,Defensor,25,20,1720.0,7.09,0,0,0.0,0,,,9.0,3.0,,,2.0,745.0,82.01,4.0,,,288.0,105.0,11.0,244.0,117.0,12.0,18.0,2,0,0.0,0.0,0.0,0.0,,,0.47,0.16,0.1,0.21,,,15.07,12.77,0.63,0.94,0.1,0.0
830619,112493,Emilio Di Fulvio,Colegiales,Portero,31,26,2340.0,7.09,0,1,1.0,0,,,0.0,0.0,,,2.0,430.0,76.98,0.0,,,129.0,8.0,0.0,17.0,2.0,5.0,0.0,5,0,1.0,0.0,0.04,0.04,,,0.0,0.0,0.08,0.0,,,4.96,0.65,0.19,0.0,0.19,0.0
341077,222126,Walter Montoya,Gimnasia y Tiro de Salta,Mediocampista,33,22,1506.0,7.09,0,1,1.0,0,,,27.0,10.0,,,27.0,652.0,80.98,14.0,,,144.0,5.0,0.0,130.0,113.0,42.0,10.0,3,0,0.0,0.0,0.06,0.06,,,1.61,0.6,1.61,0.84,,,8.61,7.77,2.51,0.6,0.18,0.0
1627985,264945,Mateo Reynoso,San Miguel,Portero,22,7,630.0,7.09,0,0,0.0,0,,,0.0,0.0,,,0.0,93.0,78.49,0.0,,,29.0,0.0,0.0,3.0,1.0,2.0,0.0,1,0,0.0,0.0,0.0,0.0,,,0.0,0.0,0.0,0.0,,,4.14,0.43,0.29,0.0,0.14,0.0
1016645,222120,Facundo Giacopuzzi,Deportivo Madryn,Defensor,25,24,1907.0,7.08,3,1,4.0,0,,,13.0,7.0,,,3.0,719.0,78.44,3.0,,,209.0,90.0,14.0,99.0,70.0,7.0,10.0,6,0,0.0,0.14,0.05,0.19,,,0.61,0.33,0.14,0.14,,,9.86,4.67,0.33,0.47,0.28,0.0
1468717,270344,Mauro Leguiza,Ferrocarril Midland,Portero,33,26,2340.0,7.08,0,0,0.0,0,,,0.0,0.0,,,0.0,533.0,77.3,0.0,,,184.0,13.0,0.0,25.0,4.0,10.0,0.0,2,0,0.0,0.0,0.0,0.0,,,0.0,0.0,0.0,0.0,,,7.08,0.96,0.38,0.0,0.08,0.0
992108,43741,Walter Rueda,Patronato,Defensor,28,25,2170.0,7.08,5,0,5.0,0,,,36.0,12.0,,,19.0,799.0,60.2,19.0,,,228.0,73.0,3.0,216.0,191.0,33.0,27.0,6,0,0.0,0.21,0.0,0.21,,,1.49,0.5,0.79,0.79,,,9.46,8.96,1.37,1.12,0.25,0.0
1183699,213042,Lucas Faggioli,Deportivo Maipú,Defensor,29,25,2235.0,7.08,2,1,3.0,0,,,21.0,10.0,,,16.0,858.0,70.75,28.0,,,246.0,81.0,9.0,264.0,212.0,22.0,22.0,4,0,0.0,0.08,0.04,0.12,,,0.85,0.4,0.64,1.13,,,9.91,10.63,0.89,0.89,0.16,0.0
971170,4936,Agustín Bindella,Quilmes Atlético Club,Defensor,25,11,787.0,7.08,0,0,0.0,0,,,4.0,1.0,,,6.0,356.0,71.07,9.0,,,104.0,19.0,1.0,90.0,73.0,14.0,7.0,3,0,0.0,0.0,0.0,0.0,,,0.46,0.11,0.69,1.03,,,11.89,10.29,1.6,0.8,0.34,0.0
993236,4938,Emiliano González,Almagro,Portero,28,26,2340.0,7.08,0,0,0.0,0,,,0.0,0.0,,,0.0,330.0,80.3,0.0,,,110.0,4.0,0.0,13.0,5.0,5.0,0.0,2,1,0.0,0.0,0.0,0.0,,,0.0,0.0,0.0,0.0,,,4.23,0.5,0.19,0.0,0.08,0.04
792153,36841,Gustavo Canto,Club Ferro Carril Oeste,Defensor,32,18,1446.0,7.08,2,0,2.0,0,,,11.0,3.0,,,4.0,524.0,80.34,2.0,,,238.0,84.0,7.0,194.0,93.0,9.0,18.0,5,1,0.0,0.12,0.0,0.12,,,0.68,0.19,0.25,0.12,,,14.81,12.07,0.56,1.12,0.31,0.06
1018448,23950,Nahuel Manganelli,San Martín de Tucumán,Portero,25,8,720.0,7.08,0,0,0.0,0,,,0.0,0.0,,,1.0,200.0,76.0,2.0,,,42.0,3.0,0.0,4.0,1.0,1.0,1.0,1,0,0.0,0.0,0.0,0.0,,,0.0,0.0,0.12,0.25,,,5.25,0.5,0.12,0.12,0.12,0.0
941410,265787,Brian Blando,Agropecuario Argentino,Delantero,31,24,1439.0,7.07,6,0,6.0,0,,,47.0,19.0,,,15.0,370.0,65.14,32.0,,,45.0,4.0,3.0,148.0,218.0,37.0,20.0,8,0,0.0,0.38,0.0,0.38,,,2.94,1.19,0.94,2.0,,,2.81,9.26,2.31,1.25,0.5,0.0
895204,5292,Milton Álvarez,Gimnasia Y Esgrima De Jujuy,Portero,37,26,2340.0,7.07,0,0,0.0,0,,,0.0,0.0,,,0.0,758.0,87.86,0.0,,,114.0,9.0,0.0,19.0,2.0,6.0,0.0,3,0,0.0,0.0,0.0,0.0,,,0.0,0.0,0.0,0.0,,,4.38,0.73,0.23,0.0,0.12,0.0
2003707,3200,Román Zalazar,Nueva Chicago,Defensor,21,17,1268.0,7.07,0,0,0.0,0,,,6.0,2.0,,,3.0,569.0,84.53,2.0,,,178.0,68.0,12.0,117.0,73.0,19.0,25.0,5,0,0.0,0.0,0.0,0.0,,,0.43,0.14,0.21,0.14,,,12.63,8.3,1.35,1.77,0.35,0.0
2189070,43740,Nelson Gerardo Alegre Rojas,Almirante Brown,Defensor,,20,1621.0,7.07,0,0,0.0,0,,,8.0,3.0,,,2.0,588.0,68.37,8.0,,,201.0,90.0,10.0,164.0,112.0,14.0,14.0,4,0,0.0,0.0,0.0,0.0,,,0.44,0.17,0.11,0.44,,,11.16,9.11,0.78,0.78,0.22,0.0
974679,7772,Franco Coronel,San Martín de San Juan,Delantero,33,7,575.0,7.07,2,0,2.0,0,,,10.0,7.0,,,4.0,91.0,72.53,4.0,,,13.0,2.0,0.0,12.0,21.0,1.0,0.0,0,0,0.0,0.31,0.0,0.31,,,1.57,1.1,0.63,0.63,,,2.03,1.88,0.16,0.0,0.0,0.0
872392,43741,Alan Sosa,Patronato,Portero,30,27,2430.0,7.07,0,0,0.0,0,,,0.0,0.0,,,0.0,480.0,75.63,0.0,,,101.0,7.0,0.0,19.0,2.0,7.0,1.0,3,0,0.0,0.0,0.0,0.0,,,0.0,0.0,0.0,0.0,,,3.74,0.7,0.26,0.04,0.11,0.0
941083,3207,Julián Marcioni,Club Atletico Colón,Mediocampista,28,24,1822.0,7.07,4,3,7.0,0,,,21.0,7.0,,,29.0,586.0,69.97,24.0,,,94.0,13.0,1.0,126.0,165.0,45.0,9.0,2,0,0.0,0.2,0.15,0.35,,,1.04,0.35,1.43,1.19,,,4.64,6.22,2.22,0.44,0.1,0.0
1920842,265787,Juan Cruz Vega,Agropecuario Argentino,Mediocampista,28,15,648.0,7.06,4,0,4.0,0,,,31.0,12.0,,,10.0,201.0,73.63,9.0,,,31.0,4.0,0.0,70.0,68.0,19.0,6.0,0,0,0.0,0.56,0.0,0.56,,,4.31,1.67,1.39,1.25,,,4.31,9.72,2.64,0.83,0.0,0.0
1086974,3200,Facundo Masuero,Nueva Chicago,Portero,26,14,1260.0,7.06,0,0,0.0,0,,,0.0,0.0,,,0.0,269.0,86.25,0.0,,,58.0,8.0,0.0,3.0,0.0,0.0,0.0,1,0,0.0,0.0,0.0,0.0,,,0.0,0.0,0.0,0.0,,,4.14,0.21,0.0,0.0,0.07,0.0
883236,4936,Ariel Kippes,Quilmes Atlético Club,Defensor,32,26,2340.0,7.06,1,0,1.0,0,,,18.0,6.0,,,3.0,922.0,73.86,1.0,,,346.0,85.0,17.0,232.0,130.0,18.0,18.0,8,0,0.0,0.04,0.0,0.04,,,0.69,0.23,0.12,0.04,,,13.31,8.92,0.69,0.69,0.31,0.0
879873,93513,Diego Becker,Tristán Suárez,Delantero,28,17,909.0,7.06,5,3,8.0,1,,,22.0,14.0,,,12.0,251.0,68.53,14.0,,,36.0,4.0,1.0,65.0,92.0,11.0,9.0,0,0,0.0,0.5,0.3,0.79,,,2.18,1.39,1.19,1.39,,,3.56,6.44,1.09,0.89,0.0,0.0
140103,3207,Pier Barrios,Club Atletico Colón,Defensor,36,22,1971.0,7.06,1,0,1.0,0,,,6.0,3.0,,,3.0,751.0,77.5,4.0,,,211.0,73.0,14.0,150.0,92.0,18.0,18.0,6,0,0.0,0.05,0.0,0.05,,,0.27,0.14,0.14,0.18,,,9.63,6.85,0.82,0.82,0.27,0.0
1118570,3207,Mauro Peinipil,Club Atletico Colón,Defensor,27,25,2164.0,7.05,1,3,4.0,0,,,7.0,3.0,,,14.0,956.0,73.12,2.0,,,225.0,64.0,6.0,132.0,102.0,4.0,16.0,4,0,0.0,0.04,0.12,0.17,,,0.29,0.12,0.58,0.08,,,9.36,5.49,0.17,0.67,0.17,0.0
2204330,265787,Luciano Acosta,Agropecuario Argentino,Portero,22,21,1890.0,7.05,0,0,0.0,0,,,0.0,0.0,,,0.0,401.0,74.56,0.0,,,93.0,15.0,0.0,22.0,8.0,9.0,0.0,3,0,0.0,0.0,0.0,0.0,,,0.0,0.0,0.0,0.0,,,4.43,1.05,0.43,0.0,0.14,0.0
221902,3207,Federico Lértora,Club Atletico Colón,Mediocampista,36,24,1709.0,7.05,2,1,3.0,0,,,25.0,11.0,,,6.0,672.0,79.46,2.0,,,234.0,43.0,5.0,218.0,147.0,21.0,23.0,5,0,0.0,0.11,0.05,0.16,,,1.32,0.58,0.32,0.11,,,12.32,11.48,1.11,1.21,0.26,0.0
340957,340432,Arnaldo Gonzalez,Ciudad de Bolivar,Mediocampista,37,25,1922.0,7.05,3,1,4.0,0,,,39.0,13.0,,,25.0,575.0,73.04,34.0,,,93.0,4.0,1.0,181.0,257.0,64.0,19.0,7,0,0.0,0.14,0.05,0.19,,,1.83,0.61,1.17,1.59,,,4.35,8.48,3.0,0.89,0.33,0.0
585954,93109,Juan Manuel Olivares,Deportivo Morón,Mediocampista,38,25,1746.0,7.05,5,4,10.0,2,,,29.0,11.0,,,24.0,763.0,73.0,13.0,,,110.0,24.0,2.0,148.0,206.0,37.0,32.0,9,0,0.0,0.26,0.21,0.52,,,1.49,0.57,1.24,0.67,,,5.67,7.63,1.91,1.65,0.46,0.0
882666,252726,Enzo Gaggi,Chaco For Ever,Mediocampista,28,11,705.0,7.05,3,0,3.0,0,,,18.0,6.0,,,8.0,154.0,70.78,8.0,,,23.0,5.0,0.0,47.0,60.0,7.0,7.0,1,0,0.0,0.38,0.0,0.38,,,2.3,0.77,1.02,1.02,,,2.94,6.0,0.89,0.89,0.13,0.0
829938,252726,Leandro Fernandez,Chaco For Ever,Mediocampista,31,9,700.0,7.05,0,2,2.0,0,,,4.0,0.0,,,12.0,216.0,66.2,3.0,,,44.0,8.0,0.0,59.0,51.0,12.0,5.0,0,0,0.0,0.0,0.26,0.26,,,0.51,0.0,1.54,0.39,,,5.66,7.59,1.54,0.64,0.0,0.0
122616,3214,Sergio Vittor,Club Atlético Chacarita Juniors,Defensor,37,7,541.0,7.05,0,0,0.0,0,,,6.0,3.0,,,1.0,288.0,77.08,2.0,,,91.0,30.0,1.0,40.0,36.0,5.0,3.0,1,0,0.0,0.0,0.0,0.0,,,1.0,0.5,0.17,0.33,,,15.14,6.65,0.83,0.5,0.17,0.0
1109995,3200,Gonzalo Paz,Nueva Chicago,Defensor,33,19,1615.0,7.05,0,1,1.0,0,,,2.0,0.0,,,2.0,721.0,81.97,8.0,,,264.0,78.0,7.0,168.0,113.0,9.0,25.0,7,0,0.0,0.0,0.06,0.06,,,0.11,0.0,0.11,0.45,,,14.71,9.36,0.5,1.39,0.39,0.0
79669,36834,Hernán Grana,All Boys,Defensor,41,26,2304.0,7.05,1,0,1.0,0,,,10.0,2.0,,,12.0,777.0,70.4,13.0,,,241.0,48.0,4.0,196.0,149.0,17.0,14.0,6,0,0.0,0.04,0.0,0.04,,,0.39,0.08,0.47,0.51,,,9.41,7.66,0.66,0.55,0.23,0.0
121973,273657,Pablo Chavarría,Racing de Córdoba,Delantero,38,26,2271.0,7.05,9,2,10.0,2,,,38.0,20.0,,,21.0,417.0,67.39,8.0,,,57.0,26.0,5.0,141.0,261.0,32.0,43.0,7,0,0.0,0.36,0.08,0.4,,,1.51,0.79,0.83,0.32,,,2.26,5.59,1.27,1.7,0.28,0.0
1404361,213042,Franco Saccone,Deportivo Maipú,Mediocampista,24,27,2281.0,7.04,3,5,8.0,0,,,40.0,14.0,,,34.0,723.0,75.52,79.0,,,111.0,15.0,1.0,248.0,309.0,31.0,34.0,2,0,0.0,0.12,0.2,0.32,,,1.58,0.55,1.34,3.12,,,4.38,9.79,1.22,1.34,0.08,0.0
1109640,112499,Pedro Souto,Temperley,Defensor,26,17,1248.0,7.04,7,0,7.0,0,,,14.0,8.0,,,16.0,338.0,63.31,11.0,,,62.0,15.0,2.0,70.0,109.0,10.0,15.0,4,0,0.0,0.5,0.0,0.5,,,1.01,0.58,1.15,0.79,,,4.47,5.05,0.72,1.08,0.29,0.0
1109302,6074,Lucas Arce,Godoy Cruz,Defensor,29,16,1279.0,7.04,0,2,2.0,0,,,11.0,3.0,,,17.0,697.0,74.89,9.0,,,167.0,19.0,5.0,134.0,78.0,13.0,15.0,2,1,0.0,0.0,0.14,0.14,,,0.77,0.21,1.2,0.63,,,11.75,9.43,0.91,1.06,0.14,0.07
1491299,273657,Alan Olinick,Racing de Córdoba,Mediocampista,26,23,1923.0,7.04,3,0,3.0,0,,,23.0,5.0,,,7.0,747.0,80.32,17.0,,,243.0,20.0,7.0,199.0,175.0,18.0,23.0,5,0,0.0,0.14,0.0,0.14,,,1.08,0.23,0.33,0.8,,,11.37,9.31,0.84,1.08,0.23,0.0
1485083,6074,Benjamin Schamine,Godoy Cruz,Mediocampista,22,8,659.0,7.04,2,0,2.0,0,,,13.0,6.0,,,2.0,273.0,77.66,2.0,,,62.0,12.0,2.0,33.0,48.0,4.0,9.0,1,0,0.0,0.27,0.0,0.27,,,1.78,0.82,0.27,0.27,,,8.47,4.51,0.55,1.23,0.14,0.0
147605,6074,Diego Viera,Godoy Cruz,Defensor,35,8,720.0,7.04,0,0,0.0,0,,,2.0,1.0,,,1.0,313.0,88.5,0.0,,,77.0,40.0,6.0,36.0,25.0,1.0,3.0,2,0,0.0,0.0,0.0,0.0,,,0.25,0.12,0.12,0.0,,,9.62,4.5,0.12,0.38,0.25,0.0
358966,53799,Rodrigo Moreira,Atlanta,Defensor,30,19,1543.0,7.04,2,1,3.0,0,,,6.0,5.0,,,1.0,774.0,84.11,1.0,,,181.0,53.0,12.0,143.0,64.0,9.0,14.0,2,0,0.0,0.12,0.06,0.17,,,0.35,0.29,0.06,0.06,,,10.56,8.34,0.52,0.82,0.12,0.0
1798778,3214,Maximiliano Meléndez,Club Atlético Chacarita Juniors,Mediocampista,22,24,1993.0,7.04,6,1,7.0,0,,,42.0,19.0,,,22.0,541.0,67.65,42.0,,,127.0,13.0,1.0,235.0,325.0,41.0,39.0,4,0,0.0,0.27,0.05,0.32,,,1.9,0.86,0.99,1.9,,,5.74,10.61,1.85,1.76,0.18,0.0
1017439,4936,Thomas Ortega,Quilmes Atlético Club,Defensor,25,24,1641.0,7.04,1,1,2.0,0,,,17.0,4.0,,,24.0,839.0,71.28,11.0,,,185.0,36.0,4.0,154.0,123.0,4.0,18.0,3,0,0.0,0.05,0.05,0.11,,,0.93,0.22,1.32,0.6,,,10.15,8.45,0.22,0.99,0.16,0.0
546342,4938,Julián Marchioni,Almagro,Mediocampista,33,25,2032.0,7.04,1,3,4.0,0,,,9.0,4.0,,,19.0,773.0,77.36,17.0,,,238.0,34.0,6.0,160.0,144.0,11.0,15.0,2,0,0.0,0.04,0.13,0.18,,,0.4,0.18,0.84,0.75,,,10.54,7.09,0.49,0.66,0.09,0.0
896983,222126,Federico Cosentino,Gimnasia y Tiro de Salta,Portero,39,16,1402.0,7.04,0,0,0.0,0,,,0.0,0.0,,,0.0,237.0,84.81,0.0,,,60.0,3.0,0.0,2.0,0.0,1.0,0.0,0,0,0.0,0.0,0.0,0.0,,,0.0,0.0,0.0,0.0,,,3.85,0.13,0.06,0.0,0.0,0.0
1109382,6074,Tomas Daniel Rossi,Godoy Cruz,Defensor,27,13,1040.0,7.03,1,1,2.0,0,,,2.0,1.0,,,1.0,554.0,85.38,3.0,,,128.0,38.0,6.0,68.0,36.0,3.0,6.0,2,0,0.0,0.09,0.09,0.17,,,0.17,0.09,0.09,0.26,,,11.08,5.88,0.26,0.52,0.17,0.0
992089,53799,Juan Rago,Atlanta,Portero,37,24,2091.0,7.03,0,0,0.0,0,,,0.0,0.0,,,0.0,526.0,86.88,0.0,,,125.0,5.0,0.0,22.0,3.0,14.0,0.0,1,0,0.0,0.0,0.0,0.0,,,0.0,0.0,0.0,0.0,,,5.38,0.95,0.6,0.0,0.04,0.0
1138077,36834,Iván Zafarana,All Boys,Defensor,31,25,1982.0,7.03,2,2,4.0,0,,,8.0,4.0,,,2.0,587.0,68.82,5.0,,,269.0,85.0,11.0,217.0,137.0,16.0,21.0,5,0,0.0,0.09,0.09,0.18,,,0.36,0.18,0.09,0.23,,,12.21,9.85,0.73,0.95,0.23,0.0
950814,5292,Delfor Minervino,Gimnasia Y Esgrima De Jujuy,Defensor,30,19,1405.0,7.03,3,2,6.0,0,,,18.0,6.0,,,12.0,497.0,70.22,7.0,,,146.0,55.0,2.0,116.0,119.0,16.0,15.0,4,0,0.0,0.19,0.13,0.38,,,1.15,0.38,0.77,0.45,,,9.35,7.43,1.02,0.96,0.26,0.0
926415,93107,Franco Quinteros,Estudiantes de Buenos Aires,Defensor,27,18,1364.0,7.03,2,0,2.0,0,,,13.0,5.0,,,7.0,566.0,70.67,13.0,,,130.0,38.0,0.0,120.0,99.0,10.0,16.0,3,0,0.0,0.13,0.0,0.13,,,0.86,0.33,0.46,0.86,,,8.58,7.92,0.66,1.06,0.2,0.0
1101716,4936,Ian Rasso,Quilmes Atlético Club,Defensor,26,13,972.0,7.03,1,0,1.0,0,,,9.0,4.0,,,1.0,380.0,78.95,0.0,,,157.0,37.0,5.0,93.0,58.0,9.0,4.0,1,0,0.0,0.09,0.0,0.09,,,0.83,0.37,0.09,0.0,,,14.54,8.61,0.83,0.37,0.09,0.0
789438,3214,Cristian Guanca,Club Atlético Chacarita Juniors,Mediocampista,33,7,560.0,7.03,2,0,2.0,1,,,15.0,4.0,,,7.0,257.0,80.54,1.0,,,30.0,2.0,0.0,23.0,40.0,2.0,6.0,0,0,0.0,0.32,0.0,0.32,,,2.41,0.64,1.12,0.16,,,4.82,3.7,0.32,0.96,0.0,0.0
341981,265787,Rodrigo Castro,Agropecuario Argentino,Mediocampista,33,25,1860.0,7.03,0,2,2.0,0,,,19.0,3.0,,,16.0,785.0,86.88,23.0,,,224.0,31.0,5.0,255.0,161.0,88.0,19.0,6,0,0.0,0.0,0.1,0.1,,,0.92,0.15,0.77,1.11,,,10.84,12.34,4.26,0.92,0.29,0.0
1086963,6074,Tomás Pozzo,Godoy Cruz,Mediocampista,25,18,1370.0,7.03,1,1,2.0,0,,,25.0,7.0,,,26.0,621.0,85.35,38.0,,,80.0,2.0,1.0,151.0,235.0,28.0,22.0,2,0,0.0,0.07,0.07,0.13,,,1.64,0.46,1.71,2.5,,,5.26,9.92,1.84,1.45,0.13,0.0
79711,7772,Sebastian Gonzalez,San Martín de San Juan,Mediocampista,34,24,1758.0,7.03,0,1,1.0,0,,,15.0,3.0,,,22.0,819.0,83.27,11.0,,,137.0,6.0,1.0,130.0,121.0,33.0,29.0,5,0,0.0,0.0,0.05,0.05,,,0.77,0.15,1.13,0.56,,,7.01,6.66,1.69,1.48,0.26,0.0
122718,36841,Fernando Monetti,Club Ferro Carril Oeste,Portero,37,25,2250.0,7.03,0,0,0.0,0,,,0.0,0.0,,,1.0,581.0,82.44,0.0,,,110.0,6.0,0.0,12.0,0.0,6.0,1.0,6,0,0.0,0.0,0.0,0.0,,,0.0,0.0,0.04,0.0,,,4.4,0.48,0.24,0.04,0.24,0.0
1182905,52215,Agustín Benítez,Defensores de Belgrano,Mediocampista,26,25,1783.0,7.02,1,0,1.0,0,,,28.0,8.0,,,12.0,675.0,68.15,27.0,,,178.0,22.0,8.0,237.0,201.0,63.0,36.0,3,0,0.0,0.05,0.0,0.05,,,1.41,0.4,0.61,1.36,,,8.98,11.96,3.18,1.82,0.15,0.0
1870283,252726,Lucas Mihovilcevich,Chaco For Ever,Defensor,22,5,385.0,7.02,0,0,0.0,0,,,1.0,1.0,,,0.0,130.0,62.31,1.0,,,60.0,36.0,2.0,54.0,21.0,5.0,3.0,0,0,0.0,0.0,0.0,0.0,,,0.23,0.23,0.0,0.23,,,14.03,12.62,1.17,0.7,0.0,0.0
932936,265787,Germán Salort,Agropecuario Argentino,Portero,37,5,450.0,7.02,0,0,0.0,0,,,0.0,0.0,,,0.0,78.0,78.21,0.0,,,21.0,0.0,0.0,3.0,1.0,3.0,1.0,1,0,0.0,0.0,0.0,0.0,,,0.0,0.0,0.0,0.0,,,4.2,0.6,0.6,0.2,0.2,0.0
250015,7772,Gabriel Hachen,San Martín de San Juan,Mediocampista,35,18,945.0,7.02,1,2,3.0,0,,,13.0,4.0,,,18.0,487.0,85.63,14.0,,,78.0,5.0,2.0,96.0,86.0,22.0,12.0,2,0,0.0,0.1,0.19,0.29,,,1.24,0.38,1.71,1.33,,,7.43,9.14,2.1,1.14,0.19,0.0
1802491,213361,Roman Gamarra,San Telmo,Defensor,24,25,1439.0,7.02,0,0,0.0,0,,,29.0,12.0,,,13.0,542.0,68.63,16.0,,,187.0,40.0,0.0,161.0,145.0,30.0,14.0,4,0,0.0,0.0,0.0,0.0,,,1.81,0.75,0.81,1.0,,,11.7,10.07,1.88,0.88,0.25,0.0
249397,273657,Ricardo Centurión,Racing de Córdoba,Mediocampista,33,14,689.0,7.01,4,3,7.0,0,,,21.0,4.0,,,15.0,230.0,70.87,18.0,,,36.0,2.0,0.0,74.0,103.0,20.0,5.0,5,0,0.0,0.52,0.39,0.91,,,2.74,0.52,1.96,2.35,,,4.7,9.67,2.61,0.65,0.65,0.0
830657,222126,Lautaro Montoya,Gimnasia y Tiro de Salta,Defensor,31,21,1498.0,7.01,1,3,4.0,0,,,15.0,6.0,,,18.0,677.0,70.46,24.0,,,189.0,29.0,2.0,176.0,143.0,26.0,30.0,6,0,0.0,0.06,0.18,0.24,,,0.9,0.36,1.08,1.44,,,11.36,10.57,1.56,1.8,0.36,0.0
1120461,53799,Lautaro Fedele,Atlanta,Mediocampista,25,15,921.0,7.01,2,3,5.0,0,,,14.0,4.0,,,18.0,264.0,72.35,10.0,,,42.0,1.0,2.0,75.0,76.0,22.0,3.0,1,0,0.0,0.2,0.29,0.49,,,1.37,0.39,1.76,0.98,,,4.1,7.33,2.15,0.29,0.1,0.0
1131273,6074,Brian Orosco,Godoy Cruz,Mediocampista,28,15,697.0,7.01,0,0,0.0,0,,,17.0,3.0,,,14.0,369.0,79.4,14.0,,,66.0,7.0,2.0,64.0,71.0,10.0,4.0,1,0,0.0,0.0,0.0,0.0,,,2.2,0.39,1.81,1.81,,,8.52,8.26,1.29,0.52,0.13,0.0
1490357,112493,Franco Hanashiro,Colegiales,Defensor,25,23,2024.0,7.01,1,1,2.0,0,,,12.0,2.0,,,11.0,724.0,71.82,22.0,,,219.0,42.0,3.0,196.0,135.0,44.0,21.0,3,0,0.0,0.04,0.04,0.09,,,0.53,0.09,0.49,0.98,,,9.74,8.72,1.96,0.93,0.13,0.0
796601,4938,Julian Vitale,Almagro,Defensor,31,19,1191.0,7.01,2,0,2.0,0,,,3.0,2.0,,,2.0,396.0,79.29,2.0,,,138.0,59.0,17.0,97.0,72.0,4.0,12.0,6,0,0.0,0.15,0.0,0.15,,,0.23,0.15,0.15,0.15,,,10.43,7.33,0.3,0.91,0.45,0.0
22986,43740,Gustavo Cabral,Almirante Brown,Defensor,40,26,2340.0,7.01,1,0,1.0,1,,,5.0,1.0,,,3.0,871.0,85.88,4.0,,,287.0,103.0,6.0,193.0,101.0,9.0,11.0,3,0,0.0,0.04,0.0,0.04,,,0.19,0.04,0.12,0.15,,,11.04,7.42,0.35,0.42,0.12,0.0
941532,52215,Alejandro Medina,Defensores de Belgrano,Portero,39,25,2242.0,7.01,0,0,0.0,0,,,0.0,0.0,,,0.0,401.0,82.79,1.0,,,113.0,8.0,0.0,20.0,6.0,4.0,0.0,1,1,2.0,0.0,0.0,0.0,,,0.0,0.0,0.0,0.04,,,4.54,0.8,0.16,0.0,0.04,0.04
1468709,265787,Rodrigo Mosqueira,Agropecuario Argentino,Mediocampista,31,26,1866.0,7.01,1,3,4.0,0,,,52.0,17.0,,,26.0,641.0,66.46,41.0,,,147.0,16.0,2.0,209.0,255.0,39.0,27.0,2,0,0.0,0.05,0.14,0.19,,,2.51,0.82,1.25,1.98,,,7.09,10.08,1.88,1.3,0.1,0.0
971190,36841,Matias Kabalin,Club Ferro Carril Oeste,Mediocampista,27,25,1643.0,7.01,3,2,5.0,0,,,31.0,9.0,,,26.0,525.0,76.19,14.0,,,122.0,9.0,2.0,129.0,120.0,13.0,26.0,3,0,0.0,0.16,0.11,0.27,,,1.7,0.49,1.42,0.77,,,6.68,7.07,0.71,1.42,0.16,0.0
824589,4938,Claudio Salto,Almagro,Mediocampista,31,18,948.0,7.01,1,3,3.0,0,,,23.0,5.0,,,11.0,282.0,62.41,25.0,,,44.0,1.0,1.0,96.0,110.0,28.0,13.0,1,0,0.0,0.09,0.28,0.28,,,2.18,0.47,1.04,2.37,,,4.18,9.11,2.66,1.23,0.09,0.0
2045245,252726,Agustín Ojeda,Chaco For Ever,Defensor,25,19,1368.0,7.01,1,1,2.0,0,,,13.0,2.0,,,15.0,473.0,64.06,12.0,,,183.0,30.0,2.0,172.0,161.0,23.0,22.0,3,1,0.0,0.07,0.07,0.13,,,0.86,0.13,0.99,0.79,,,12.04,11.32,1.51,1.45,0.2,0.07
789368,265787,Fernando Gonzalez,Agropecuario Argentino,Defensor,37,19,1672.0,7.01,2,0,2.0,0,,,6.0,3.0,,,4.0,697.0,76.04,4.0,,,246.0,48.0,5.0,96.0,78.0,10.0,11.0,3,0,0.0,0.11,0.0,0.11,,,0.32,0.16,0.22,0.22,,,13.24,5.17,0.54,0.59,0.16,0.0
1876773,34976,Agustin Solveyra,Atlético de Rafaela,Defensor,25,20,1535.0,7.01,1,1,2.0,0,,,5.0,2.0,,,8.0,452.0,72.12,10.0,,,181.0,63.0,5.0,172.0,113.0,23.0,19.0,4,0,0.0,0.06,0.06,0.12,,,0.29,0.12,0.47,0.59,,,10.61,10.08,1.35,1.11,0.23,0.0
933157,112497,Julián Navas Granados,Los Andes,Defensor,32,20,1738.0,7.01,2,1,3.0,0,,,21.0,4.0,,,10.0,615.0,66.67,7.0,,,207.0,61.0,6.0,172.0,142.0,11.0,25.0,6,1,0.0,0.1,0.05,0.16,,,1.09,0.21,0.52,0.36,,,10.72,8.91,0.57,1.29,0.31,0.05
1887188,52215,Enzo Gonzalez,Defensores de Belgrano,Delantero,25,21,1577.0,7.0,5,0,5.0,0,,,32.0,18.0,,,9.0,274.0,60.95,12.0,,,63.0,19.0,2.0,181.0,221.0,28.0,16.0,3,1,0.0,0.29,0.0,0.29,,,1.83,1.03,0.51,0.68,,,3.6,10.33,1.6,0.91,0.17,0.06
1085344,53799,Jere Puch,Atlanta,Mediocampista,27,21,1433.0,7.0,4,2,6.0,0,,,28.0,9.0,,,29.0,602.0,73.26,22.0,,,101.0,3.0,0.0,162.0,202.0,39.0,39.0,5,0,0.0,0.25,0.13,0.38,,,1.76,0.57,1.82,1.38,,,6.34,10.17,2.45,2.45,0.31,0.0
1094073,5292,Mauro Cachi,Gimnasia Y Esgrima De Jujuy,Mediocampista,28,24,1362.0,7.0,3,2,5.0,0,,,31.0,11.0,,,24.0,542.0,81.0,18.0,,,83.0,6.0,1.0,92.0,149.0,22.0,17.0,2,0,0.0,0.2,0.13,0.33,,,2.05,0.73,1.59,1.19,,,5.48,6.08,1.45,1.12,0.13,0.0
933172,52215,Juan De Tomasso,Defensores de Belgrano,Mediocampista,33,22,1911.0,7.0,0,0,0.0,0,,,8.0,4.0,,,2.0,816.0,84.19,2.0,,,273.0,82.0,12.0,196.0,112.0,20.0,21.0,3,1,0.0,0.0,0.0,0.0,,,0.38,0.19,0.09,0.09,,,12.86,9.23,0.94,0.99,0.14,0.05
1469369,93107,Jorge Benítez,Estudiantes de Buenos Aires,Defensor,32,26,2265.0,7.0,0,0,0.0,0,,,6.0,2.0,,,3.0,901.0,76.58,2.0,,,313.0,147.0,8.0,205.0,106.0,7.0,18.0,5,1,1.0,0.0,0.0,0.0,,,0.24,0.08,0.12,0.08,,,12.44,8.15,0.28,0.72,0.2,0.04
2058971,43741,Diego Diaz,Patronato,Delantero,24,9,556.0,7.0,2,1,3.0,0,,,18.0,8.0,,,4.0,58.0,70.69,6.0,,,13.0,6.0,0.0,35.0,57.0,1.0,4.0,0,0,0.0,0.32,0.16,0.49,,,2.91,1.29,0.65,0.97,,,2.1,5.67,0.16,0.65,0.0,0.0
922441,34976,Agustín Obando,Atlético de Rafaela,Mediocampista,26,21,1269.0,7.0,2,1,3.0,0,,,26.0,10.0,,,14.0,362.0,66.85,7.0,,,95.0,18.0,3.0,107.0,107.0,21.0,25.0,4,0,0.0,0.14,0.07,0.21,,,1.84,0.71,0.99,0.5,,,6.74,7.59,1.49,1.77,0.28,0.0
1023103,93513,Mauricio Guzmán,Tristán Suárez,Defensor,26,10,794.0,7.0,1,0,1.0,0,,,2.0,1.0,,,1.0,228.0,71.05,0.0,,,90.0,54.0,3.0,63.0,53.0,3.0,14.0,2,0,0.0,0.11,0.0,0.11,,,0.23,0.11,0.11,0.0,,,10.2,7.14,0.34,1.59,0.23,0.0
1894115,36841,Leandro Peña Biafore,Club Ferro Carril Oeste,Defensor,23,7,558.0,7.0,0,0,0.0,0,,,3.0,0.0,,,0.0,173.0,79.77,2.0,,,91.0,51.0,2.0,58.0,41.0,8.0,8.0,2,0,1.0,0.0,0.0,0.0,,,0.48,0.0,0.0,0.32,,,14.68,9.35,1.29,1.29,0.32,0.0
1597464,43741,Fernando Ezequiel Moreyra Aldana,Patronato,Defensor,36,17,1406.0,7.0,0,0,0.0,0,,,6.0,0.0,,,2.0,436.0,72.71,5.0,,,175.0,62.0,10.0,95.0,77.0,5.0,7.0,3,0,0.0,0.0,0.0,0.0,,,0.38,0.0,0.13,0.32,,,11.2,6.08,0.32,0.45,0.19,0.0
936348,252726,Ricardo Garay,Chaco For Ever,Defensor,29,19,1551.0,7.0,0,0,0.0,0,,,3.0,1.0,,,0.0,392.0,73.21,0.0,,,218.0,80.0,10.0,136.0,70.0,11.0,19.0,4,0,0.0,0.0,0.0,0.0,,,0.17,0.06,0.0,0.0,,,12.65,7.89,0.64,1.1,0.23,0.0
1485384,34976,Martiniano Moreno,Atlético de Rafaela,Delantero,23,24,1878.0,7.0,6,1,7.0,0,,,53.0,27.0,,,15.0,363.0,64.46,36.0,,,70.0,24.0,2.0,227.0,408.0,42.0,73.0,8,0,0.0,0.29,0.05,0.34,,,2.54,1.29,0.72,1.73,,,3.35,10.88,2.01,3.5,0.38,0.0
838306,264945,Kevin Ceceri,San Miguel,Defensor,30,25,2038.0,7.0,2,0,2.0,0,,,8.0,3.0,,,2.0,524.0,73.66,2.0,,,321.0,113.0,10.0,240.0,109.0,12.0,17.0,6,0,0.0,0.09,0.0,0.09,,,0.35,0.13,0.09,0.09,,,14.18,10.6,0.53,0.75,0.26,0.0
129719,340432,Nahuel Yeri,Ciudad de Bolivar,Mediocampista,34,24,2090.0,7.0,1,2,3.0,0,,,16.0,3.0,,,22.0,904.0,76.0,13.0,,,268.0,41.0,5.0,189.0,223.0,14.0,33.0,6,1,0.0,0.04,0.09,0.13,,,0.69,0.13,0.95,0.56,,,11.54,8.14,0.6,1.42,0.26,0.04
250933,43740,Leonardo Jara,Almirante Brown,Mediocampista,35,18,1145.0,6.99,0,2,2.0,0,,,7.0,0.0,,,7.0,457.0,73.3,8.0,,,170.0,31.0,4.0,123.0,86.0,15.0,10.0,2,0,0.0,0.0,0.16,0.16,,,0.55,0.0,0.55,0.63,,,13.36,9.67,1.18,0.79,0.16,0.0
789276,255425,Santiago Rosales,CA Mitre,Delantero,31,14,987.0,6.99,2,0,2.0,1,,,27.0,8.0,,,11.0,308.0,77.92,9.0,,,43.0,18.0,0.0,115.0,124.0,20.0,12.0,2,0,0.0,0.18,0.0,0.18,,,2.46,0.73,1.0,0.82,,,3.92,10.49,1.82,1.09,0.18,0.0
1627955,93107,Federico Sena,Estudiantes de Buenos Aires,Mediocampista,29,26,2055.0,6.99,1,0,1.0,0,,,25.0,8.0,,,17.0,881.0,79.0,9.0,,,205.0,18.0,10.0,155.0,155.0,21.0,29.0,6,0,0.0,0.04,0.0,0.04,,,1.09,0.35,0.74,0.39,,,8.98,6.79,0.92,1.27,0.26,0.0
1093193,53799,Patricio Ostachuk,Atlanta,Defensor,26,10,745.0,6.99,0,0,0.0,0,,,3.0,1.0,,,1.0,518.0,83.01,3.0,,,98.0,44.0,5.0,55.0,40.0,2.0,9.0,3,0,0.0,0.0,0.0,0.0,,,0.36,0.12,0.12,0.36,,,11.84,6.64,0.24,1.09,0.36,0.0
1097567,3200,Lucas Ambrogio,Nueva Chicago,Mediocampista,27,19,943.0,6.99,3,0,3.0,1,,,36.0,16.0,,,18.0,353.0,73.37,29.0,,,52.0,9.0,1.0,85.0,111.0,15.0,16.0,4,0,0.0,0.29,0.0,0.29,,,3.44,1.53,1.72,2.77,,,4.96,8.11,1.43,1.53,0.38,0.0
943795,7772,Sebastián Jaurena,San Martín de San Juan,Mediocampista,27,21,1454.0,6.99,1,1,2.0,0,,,31.0,12.0,,,19.0,407.0,69.78,45.0,,,87.0,17.0,2.0,152.0,175.0,13.0,22.0,4,0,0.0,0.06,0.06,0.12,,,1.92,0.74,1.18,2.79,,,5.39,9.41,0.8,1.36,0.25,0.0
551382,6074,Roberto Ramírez,Godoy Cruz,Portero,30,19,1710.0,6.99,0,1,1.0,0,,,0.0,0.0,,,3.0,368.0,79.62,3.0,,,98.0,5.0,0.0,13.0,4.0,5.0,0.0,2,0,0.0,0.0,0.05,0.05,,,0.0,0.0,0.16,0.16,,,5.16,0.68,0.26,0.0,0.11,0.0
896985,23950,Nicolás Castro,San Martín de Tucumán,Mediocampista,36,20,1178.0,6.99,0,1,1.0,0,,,13.0,3.0,,,20.0,427.0,72.13,15.0,,,92.0,10.0,4.0,97.0,94.0,17.0,19.0,1,0,0.0,0.0,0.08,0.08,,,0.99,0.23,1.53,1.15,,,7.03,7.41,1.3,1.45,0.08,0.0
384262,222126,Jonás Aguirre,Gimnasia y Tiro de Salta,Mediocampista,34,23,1738.0,6.99,1,3,4.0,0,,,22.0,5.0,,,23.0,675.0,66.07,25.0,,,115.0,28.0,2.0,143.0,169.0,11.0,11.0,4,0,0.0,0.05,0.16,0.21,,,1.14,0.26,1.19,1.29,,,5.96,7.41,0.57,0.57,0.21,0.0
1387036,3214,Tomás Pérez Serra,Club Atlético Chacarita Juniors,Mediocampista,27,23,1971.0,6.99,1,0,1.0,0,,,11.0,2.0,,,4.0,609.0,72.91,2.0,,,284.0,57.0,4.0,236.0,140.0,33.0,25.0,5,0,0.0,0.05,0.0,0.05,,,0.5,0.09,0.18,0.09,,,12.97,10.78,1.51,1.14,0.23,0.0
1597532,252726,Matias Sebastian Romero,Chaco For Ever,Delantero,32,23,1317.0,6.99,7,2,9.0,2,,,34.0,22.0,,,12.0,242.0,64.88,1.0,,,31.0,12.0,1.0,126.0,155.0,8.0,7.0,3,0,0.0,0.48,0.14,0.62,,,2.32,1.5,0.82,0.07,,,2.12,8.61,0.55,0.48,0.21,0.0
1211612,255426,Franco Vedoya,Central Norte de Salta,Mediocampista,25,23,1330.0,6.99,1,0,1.0,0,,,39.0,12.0,,,17.0,440.0,63.86,24.0,,,82.0,10.0,1.0,156.0,182.0,28.0,21.0,4,0,0.0,0.07,0.0,0.07,,,2.64,0.81,1.15,1.62,,,5.55,10.56,1.89,1.42,0.27,0.0
1627971,270344,Lautaro Díaz Laharque,Ferrocarril Midland,Defensor,31,25,2092.0,6.98,2,2,4.0,0,,,20.0,4.0,,,10.0,698.0,69.2,5.0,,,224.0,62.0,2.0,168.0,145.0,15.0,20.0,3,0,0.0,0.09,0.09,0.17,,,0.86,0.17,0.43,0.22,,,9.64,7.23,0.65,0.86,0.13,0.0
871853,255426,Joaquín Hass,Central Norte de Salta,Portero,28,7,630.0,6.98,0,0,0.0,0,,,0.0,0.0,,,0.0,112.0,63.39,0.0,,,31.0,0.0,0.0,2.0,1.0,1.0,0.0,0,0,0.0,0.0,0.0,0.0,,,0.0,0.0,0.0,0.0,,,4.43,0.29,0.14,0.0,0.0,0.0
789396,222126,Joaquin Matias Papaleo,Gimnasia y Tiro de Salta,Portero,32,12,1028.0,6.98,0,0,0.0,0,,,0.0,0.0,,,0.0,186.0,76.88,0.0,,,39.0,0.0,0.0,3.0,1.0,1.0,0.0,1,0,0.0,0.0,0.0,0.0,,,0.0,0.0,0.0,0.0,,,3.41,0.26,0.09,0.0,0.09,0.0
1018432,112499,Lucas Angelini,Temperley,Defensor,31,24,2135.0,6.98,1,1,2.0,0,,,18.0,4.0,,,19.0,916.0,72.82,11.0,,,215.0,62.0,2.0,168.0,140.0,11.0,23.0,11,0,0.0,0.04,0.04,0.08,,,0.76,0.17,0.8,0.46,,,9.06,7.08,0.46,0.97,0.46,0.0
1093120,43740,Tomas Villoldo,Almirante Brown,Defensor,31,21,1473.0,6.98,1,2,2.0,0,,,8.0,1.0,,,9.0,521.0,69.87,14.0,,,180.0,41.0,1.0,143.0,133.0,10.0,16.0,1,0,0.0,0.06,0.12,0.12,,,0.49,0.06,0.55,0.86,,,11.0,8.74,0.61,0.98,0.06,0.0
1117089,7772,Nazareno Fúnez,San Martín de San Juan,Delantero,25,23,1963.0,6.98,9,4,13.0,0,,,45.0,22.0,,,24.0,321.0,65.73,12.0,,,37.0,17.0,1.0,164.0,409.0,24.0,33.0,2,0,0.0,0.41,0.18,0.6,,,2.06,1.01,1.1,0.55,,,1.7,7.52,1.1,1.51,0.09,0.0
1110008,36841,Misael Tarón,Club Ferro Carril Oeste,Defensor,26,14,999.0,6.98,0,1,1.0,0,,,3.0,1.0,,,3.0,323.0,78.02,1.0,,,141.0,58.0,0.0,122.0,53.0,7.0,13.0,6,0,0.0,0.0,0.09,0.09,,,0.27,0.09,0.27,0.09,,,12.7,10.99,0.63,1.17,0.54,0.0
2054629,6074,Camilo Alessandría,Godoy Cruz,Defensor,26,4,291.0,6.98,0,0,0.0,0,,,0.0,0.0,,,1.0,142.0,77.46,1.0,,,40.0,8.0,0.0,30.0,10.0,4.0,0.0,0,0,0.0,0.0,0.0,0.0,,,0.0,0.0,0.31,0.31,,,12.37,9.28,1.24,0.0,0.0,0.0
941433,273657,Cristian Vega,Racing de Córdoba,Mediocampista,32,9,529.0,6.98,0,0,0.0,0,,,5.0,1.0,,,2.0,233.0,74.25,5.0,,,74.0,9.0,5.0,68.0,49.0,4.0,10.0,3,0,0.0,0.0,0.0,0.0,,,0.85,0.17,0.34,0.85,,,12.59,11.57,0.68,1.7,0.51,0.0
860053,112493,Federico Marín,Colegiales,Mediocampista,28,24,2154.0,6.97,0,0,0.0,0,,,11.0,3.0,,,4.0,794.0,79.35,4.0,,,401.0,80.0,6.0,338.0,245.0,23.0,54.0,3,0,0.0,0.0,0.0,0.0,,,0.46,0.13,0.17,0.17,,,16.75,14.12,0.96,2.26,0.13,0.0
860000,93107,Nicolás Caro Torres,Estudiantes de Buenos Aires,Defensor,31,18,1462.0,6.97,0,1,1.0,0,,,3.0,0.0,,,3.0,674.0,76.11,3.0,,,174.0,71.0,8.0,111.0,80.0,9.0,14.0,3,1,0.0,0.0,0.06,0.06,,,0.18,0.0,0.18,0.18,,,10.71,6.83,0.55,0.86,0.18,0.06
1182418,252726,Gastón Canuto,Chaco For Ever,Portero,38,11,912.0,6.97,0,0,0.0,0,,,0.0,0.0,,,1.0,196.0,82.14,1.0,,,77.0,3.0,0.0,7.0,3.0,2.0,1.0,4,1,0.0,0.0,0.0,0.0,,,0.0,0.0,0.1,0.1,,,7.6,0.69,0.2,0.1,0.39,0.1
2217864,36841,Felipe Obradovich,Club Ferro Carril Oeste,Mediocampista,19,25,2126.0,6.97,2,1,3.0,0,,,9.0,4.0,,,7.0,836.0,79.67,11.0,,,273.0,44.0,5.0,252.0,162.0,23.0,34.0,5,0,0.0,0.08,0.04,0.13,,,0.38,0.17,0.3,0.47,,,11.56,10.67,0.97,1.44,0.21,0.0
943167,5292,David Gallardo,Gimnasia Y Esgrima De Jujuy,Mediocampista,29,23,1637.0,6.97,4,3,7.0,0,,,26.0,7.0,,,17.0,394.0,67.77,48.0,,,91.0,12.0,0.0,168.0,173.0,30.0,19.0,1,0,0.0,0.22,0.16,0.38,,,1.43,0.38,0.93,2.64,,,5.0,9.24,1.65,1.04,0.05,0.0
2044361,213361,Juan Motroni,San Telmo,Defensor,27,21,1547.0,6.97,3,2,5.0,0,,,13.0,5.0,,,14.0,532.0,66.54,17.0,,,187.0,75.0,8.0,193.0,138.0,9.0,18.0,4,1,0.0,0.17,0.12,0.29,,,0.76,0.29,0.81,0.99,,,10.88,11.23,0.52,1.05,0.23,0.06
1126884,5292,Francisco Maidana,Gimnasia Y Esgrima De Jujuy,Mediocampista,24,26,1880.0,6.97,2,2,3.0,0,,,18.0,4.0,,,15.0,867.0,83.51,11.0,,,205.0,16.0,5.0,154.0,148.0,27.0,13.0,3,0,0.0,0.1,0.1,0.14,,,0.86,0.19,0.72,0.53,,,9.81,7.37,1.29,0.62,0.14,0.0
896149,5292,Juan Cruz Franzoni,Gimnasia Y Esgrima De Jujuy,Delantero,26,6,276.0,6.97,0,0,0.0,0,,,4.0,2.0,,,5.0,81.0,69.14,5.0,,,14.0,2.0,1.0,34.0,46.0,9.0,4.0,0,0,0.0,0.0,0.0,0.0,,,1.3,0.65,1.63,1.63,,,4.57,11.09,2.93,1.3,0.0,0.0
1169599,36841,Federico Nicolas Tevez,Club Ferro Carril Oeste,Defensor,27,16,1436.0,6.97,0,0,0.0,0,,,6.0,1.0,,,1.0,424.0,83.02,9.0,,,150.0,53.0,8.0,105.0,65.0,8.0,8.0,2,0,0.0,0.0,0.0,0.0,,,0.38,0.06,0.06,0.56,,,9.4,6.58,0.5,0.5,0.13,0.0
340521,265787,Alejandro Gagliardi,Agropecuario Argentino,Delantero,37,23,1530.0,6.97,5,3,8.0,2,,,41.0,14.0,,,20.0,298.0,72.15,3.0,,,66.0,15.0,0.0,178.0,268.0,25.0,18.0,1,0,0.0,0.29,0.18,0.47,,,2.41,0.82,1.18,0.18,,,3.88,10.47,1.47,1.06,0.06,0.0
843404,222120,Leonardo Marinucci,Deportivo Madryn,Delantero,33,24,1637.0,6.96,4,2,6.0,1,,,29.0,9.0,,,22.0,590.0,70.68,18.0,,,69.0,5.0,0.0,130.0,185.0,16.0,16.0,4,0,0.0,0.22,0.11,0.33,,,1.59,0.49,1.21,0.99,,,3.79,7.15,0.88,0.88,0.22,0.0
1598512,112497,Peter Iván Martínez Grance,Los Andes,Defensor,26,22,1835.0,6.96,0,3,3.0,0,,,4.0,1.0,,,16.0,612.0,76.14,14.0,,,214.0,51.0,4.0,163.0,125.0,14.0,22.0,4,1,0.0,0.0,0.15,0.15,,,0.2,0.05,0.78,0.69,,,10.5,7.99,0.69,1.08,0.2,0.05
992119,43740,Ramiro Fernandez,Almirante Brown,Defensor,30,11,881.0,6.96,0,0,0.0,0,,,2.0,0.0,,,6.0,336.0,65.48,12.0,,,113.0,24.0,4.0,112.0,98.0,16.0,9.0,2,1,0.0,0.0,0.0,0.0,,,0.2,0.0,0.61,1.23,,,11.54,11.44,1.63,0.92,0.2,0.1
949675,93109,Mauro Burruchaga,Deportivo Morón,Mediocampista,28,26,2030.0,6.96,1,0,1.0,0,,,13.0,4.0,,,16.0,896.0,75.45,12.0,,,326.0,52.0,7.0,237.0,223.0,21.0,53.0,7,0,0.0,0.04,0.0,0.04,,,0.58,0.18,0.71,0.53,,,14.45,10.51,0.93,2.35,0.31,0.0
1182501,6074,Nahuel Brunet,Godoy Cruz,Defensor,26,17,1462.0,6.96,0,2,2.0,0,,,13.0,3.0,,,3.0,751.0,77.36,3.0,,,197.0,58.0,3.0,121.0,84.0,16.0,17.0,8,0,0.0,0.0,0.12,0.12,,,0.8,0.18,0.18,0.18,,,12.13,7.45,0.98,1.05,0.49,0.0
1385659,4938,Francisco Marco,Almagro,Defensor,23,8,631.0,6.96,0,1,1.0,0,,,3.0,0.0,,,2.0,193.0,74.61,0.0,,,86.0,33.0,9.0,56.0,39.0,0.0,12.0,4,0,0.0,0.0,0.14,0.14,,,0.43,0.0,0.29,0.0,,,12.27,7.99,0.0,1.71,0.57,0.0
1086327,36834,Alejo Tabares,All Boys,Defensor,25,26,2245.0,6.96,3,0,3.0,0,,,17.0,6.0,,,11.0,721.0,66.02,17.0,,,237.0,76.0,5.0,219.0,162.0,10.0,23.0,3,0,0.0,0.12,0.0,0.12,,,0.68,0.24,0.44,0.68,,,9.5,8.78,0.4,0.92,0.12,0.0
1117173,255425,Marcos Machado,CA Mitre,Delantero,25,27,2222.0,6.96,11,2,12.0,1,,,67.0,27.0,,,18.0,338.0,61.83,19.0,,,40.0,7.0,0.0,113.0,266.0,11.0,24.0,2,0,0.0,0.45,0.08,0.49,,,2.71,1.09,0.73,0.77,,,1.62,4.58,0.45,0.97,0.08,0.0
989836,340432,Ezequiel Navarro,Ciudad de Bolivar,Defensor,25,25,2208.0,6.96,0,0,0.0,0,,,4.0,2.0,,,1.0,676.0,77.96,6.0,,,274.0,109.0,24.0,176.0,133.0,6.0,21.0,9,1,0.0,0.0,0.0,0.0,,,0.16,0.08,0.04,0.24,,,11.17,7.17,0.24,0.86,0.37,0.04
1914534,213042,Mirko Bonfigli,Deportivo Maipú,Mediocampista,22,27,2042.0,6.96,5,2,7.0,1,,,34.0,12.0,,,15.0,842.0,79.57,30.0,,,147.0,14.0,4.0,203.0,209.0,58.0,18.0,3,0,0.0,0.22,0.09,0.31,,,1.5,0.53,0.66,1.32,,,6.48,8.95,2.56,0.79,0.13,0.0
155706,265787,Jorge Valdez,Agropecuario Argentino,Mediocampista,32,21,1004.0,6.96,2,0,2.0,0,,,28.0,10.0,,,12.0,489.0,80.57,6.0,,,103.0,11.0,1.0,105.0,102.0,15.0,19.0,3,0,0.0,0.18,0.0,0.18,,,2.51,0.9,1.08,0.54,,,9.23,9.41,1.34,1.7,0.27,0.0
147576,7772,Emanuel Aguilera,San Martín de San Juan,Defensor,37,14,1101.0,6.96,1,0,1.0,0,,,6.0,1.0,,,4.0,625.0,85.92,1.0,,,158.0,32.0,6.0,95.0,43.0,4.0,8.0,4,0,0.0,0.08,0.0,0.08,,,0.49,0.08,0.33,0.08,,,12.92,7.77,0.33,0.65,0.33,0.0
974656,3200,Evelio Cardozo,Nueva Chicago,Mediocampista,25,14,684.0,6.96,0,2,2.0,0,,,13.0,4.0,,,15.0,269.0,80.3,8.0,,,37.0,2.0,0.0,49.0,49.0,15.0,5.0,1,0,0.0,0.0,0.26,0.26,,,1.71,0.53,1.97,1.05,,,4.87,6.45,1.97,0.66,0.13,0.0
1102451,3200,Maximiliano Rogoski,Nueva Chicago,Mediocampista,32,25,1987.0,6.96,5,2,7.0,0,,,46.0,18.0,,,25.0,684.0,69.74,14.0,,,125.0,22.0,2.0,157.0,221.0,28.0,25.0,4,0,0.0,0.23,0.09,0.32,,,2.08,0.82,1.13,0.63,,,5.66,7.11,1.27,1.13,0.18,0.0
892473,224646,Leandro Finochietto,Güemes,Portero,29,25,2250.0,6.95,0,0,0.0,0,,,0.0,0.0,,,0.0,466.0,76.61,0.0,,,90.0,8.0,0.0,9.0,2.0,3.0,0.0,0,0,0.0,0.0,0.0,0.0,,,0.0,0.0,0.0,0.0,,,3.6,0.36,0.12,0.0,0.0,0.0
594426,6074,Esteban Burgos,Godoy Cruz,Defensor,34,18,1227.0,6.95,1,0,1.0,1,,,6.0,3.0,,,4.0,687.0,84.57,0.0,,,184.0,55.0,17.0,82.0,53.0,4.0,7.0,3,0,0.0,0.07,0.0,0.07,,,0.44,0.22,0.29,0.0,,,13.5,6.01,0.29,0.51,0.22,0.0
2050786,112499,Lorenzo Monti,Temperley,Defensor,28,22,1947.0,6.95,0,3,3.0,0,,,6.0,3.0,,,12.0,710.0,66.76,10.0,,,206.0,68.0,3.0,219.0,150.0,15.0,28.0,4,1,0.0,0.0,0.14,0.14,,,0.28,0.14,0.55,0.46,,,9.52,10.12,0.69,1.29,0.18,0.05
1110290,265787,Milton Ramos,Agropecuario Argentino,Defensor,32,23,1981.0,6.95,0,1,1.0,0,,,9.0,3.0,,,20.0,888.0,77.14,17.0,,,221.0,40.0,1.0,190.0,145.0,21.0,13.0,3,0,0.0,0.0,0.05,0.05,,,0.41,0.14,0.91,0.77,,,10.04,8.63,0.95,0.59,0.14,0.0
932094,43740,Marcos Abreliano,Almirante Brown,Defensor,28,26,1711.0,6.95,2,4,5.0,0,,,20.0,8.0,,,25.0,565.0,63.89,28.0,,,122.0,25.0,1.0,158.0,188.0,30.0,21.0,2,1,0.0,0.11,0.21,0.26,,,1.05,0.42,1.32,1.47,,,6.42,8.31,1.58,1.1,0.11,0.05
1065612,53799,Tomás Castro Ponce,Atlanta,Mediocampista,25,26,2307.0,6.95,0,3,3.0,0,,,24.0,6.0,,,14.0,1074.0,83.05,21.0,,,241.0,31.0,2.0,197.0,196.0,32.0,26.0,4,0,0.0,0.0,0.12,0.12,,,0.94,0.23,0.55,0.82,,,9.4,7.69,1.25,1.01,0.16,0.0
385318,255425,Yonatan Cabral,CA Mitre,Defensor,34,7,630.0,6.95,0,1,1.0,0,,,2.0,1.0,,,1.0,158.0,78.48,0.0,,,51.0,34.0,1.0,26.0,15.0,0.0,2.0,2,0,0.0,0.0,0.14,0.14,,,0.29,0.14,0.14,0.0,,,7.29,3.71,0.0,0.29,0.29,0.0
1093190,36841,Sebastián Corda,Club Ferro Carril Oeste,Defensor,31,16,905.0,6.95,0,1,1.0,0,,,8.0,1.0,,,6.0,353.0,75.07,10.0,,,101.0,30.0,2.0,82.0,49.0,6.0,5.0,1,0,0.0,0.0,0.1,0.1,,,0.8,0.1,0.6,0.99,,,10.04,8.15,0.6,0.5,0.1,0.0
1479452,213042,Aron Rodrigo Aguero Gimenez,Deportivo Maipú,Defensor,23,26,2340.0,6.95,0,0,0.0,0,,,5.0,2.0,,,1.0,972.0,85.8,3.0,,,288.0,95.0,19.0,197.0,115.0,11.0,22.0,6,0,1.0,0.0,0.0,0.0,,,0.19,0.08,0.04,0.12,,,11.08,7.58,0.42,0.85,0.23,0.0
1182428,222126,Lautaro Gordillo,Gimnasia y Tiro de Salta,Delantero,27,25,1922.0,6.95,12,0,12.0,3,,,47.0,20.0,,,16.0,393.0,72.26,5.0,,,70.0,19.0,5.0,172.0,398.0,17.0,36.0,5,0,0.0,0.56,0.0,0.56,,,2.2,0.94,0.75,0.23,,,3.28,8.05,0.8,1.69,0.23,0.0
1112851,255425,Joaquín Ledesma,CA Mitre,Portero,37,13,1170.0,6.95,0,0,0.0,0,,,0.0,0.0,,,0.0,212.0,81.13,0.0,,,65.0,4.0,0.0,12.0,0.0,5.0,0.0,0,0,0.0,0.0,0.0,0.0,,,0.0,0.0,0.0,0.0,,,5.0,0.92,0.38,0.0,0.0,0.0
1465702,4936,Ulises Vera,Quilmes Atlético Club,Mediocampista,22,25,1911.0,6.95,4,3,7.0,0,,,34.0,12.0,,,24.0,610.0,70.16,27.0,,,164.0,13.0,0.0,157.0,198.0,21.0,27.0,2,0,0.0,0.19,0.14,0.33,,,1.6,0.57,1.13,1.27,,,7.72,7.39,0.99,1.27,0.09,0.0
1627951,255426,Enzo Vázquez,Central Norte de Salta,Portero,26,20,1800.0,6.95,0,0,0.0,0,,,0.0,0.0,,,0.0,353.0,72.8,0.0,,,110.0,4.0,0.0,20.0,2.0,5.0,0.0,4,0,0.0,0.0,0.0,0.0,,,0.0,0.0,0.0,0.0,,,5.5,1.0,0.25,0.0,0.2,0.0
1597474,93109,Santiago Kubiszyn,Deportivo Morón,Mediocampista,23,25,1853.0,6.94,2,5,7.0,0,,,28.0,6.0,,,18.0,721.0,76.7,16.0,,,179.0,24.0,2.0,194.0,171.0,25.0,39.0,6,0,0.0,0.1,0.24,0.34,,,1.36,0.29,0.87,0.78,,,8.69,9.42,1.21,1.89,0.29,0.0
1108944,3207,Matias Budino,Club Atletico Colón,Portero,31,24,2160.0,6.94,0,0,0.0,0,,,0.0,0.0,,,0.0,382.0,79.06,0.0,,,98.0,6.0,0.0,11.0,2.0,3.0,0.0,1,0,0.0,0.0,0.0,0.0,,,0.0,0.0,0.0,0.0,,,4.08,0.46,0.12,0.0,0.04,0.0
1859553,112497,Franco Miguel Rodríguez,Los Andes,Mediocampista,27,22,1318.0,6.94,1,0,1.0,0,,,15.0,7.0,,,25.0,766.0,81.07,4.0,,,135.0,21.0,4.0,99.0,95.0,10.0,12.0,3,0,0.0,0.07,0.0,0.07,,,1.02,0.48,1.71,0.27,,,9.22,6.76,0.68,0.82,0.2,0.0
940695,222126,Juan Galetto,Gimnasia y Tiro de Salta,Defensor,29,21,1302.0,6.94,2,0,2.0,0,,,20.0,4.0,,,7.0,462.0,66.45,9.0,,,132.0,58.0,3.0,108.0,90.0,9.0,9.0,4,0,0.0,0.14,0.0,0.14,,,1.38,0.28,0.48,0.62,,,9.12,7.47,0.62,0.62,0.28,0.0
257455,265787,Alan Aguirre,Agropecuario Argentino,Defensor,33,15,1240.0,6.94,1,1,2.0,0,,,3.0,1.0,,,2.0,501.0,77.05,2.0,,,169.0,55.0,8.0,93.0,69.0,8.0,10.0,4,0,0.0,0.07,0.07,0.15,,,0.22,0.07,0.15,0.15,,,12.27,6.75,0.58,0.73,0.29,0.0
1095779,3200,Bruno Palazzo,Nueva Chicago,Defensor,25,20,1647.0,6.94,0,1,1.0,0,,,13.0,4.0,,,13.0,703.0,72.55,12.0,,,176.0,64.0,2.0,162.0,127.0,25.0,22.0,7,0,0.0,0.0,0.05,0.05,,,0.71,0.22,0.71,0.66,,,9.62,8.85,1.37,1.2,0.38,0.0
941471,93513,Nicolás Del Priore,Tristán Suárez,Mediocampista,30,24,2144.0,6.94,0,2,2.0,0,,,10.0,0.0,,,10.0,933.0,82.42,2.0,,,254.0,39.0,6.0,118.0,126.0,8.0,29.0,4,0,0.0,0.0,0.08,0.08,,,0.42,0.0,0.42,0.08,,,10.66,4.95,0.34,1.22,0.17,0.0
1084975,270344,Ramiro Luna,Ferrocarril Midland,Mediocampista,31,16,627.0,6.94,1,2,3.0,0,,,13.0,4.0,,,11.0,357.0,78.71,12.0,,,50.0,7.0,1.0,52.0,62.0,7.0,4.0,0,0,0.0,0.14,0.29,0.43,,,1.87,0.57,1.58,1.72,,,7.18,7.46,1.0,0.57,0.0,0.0
941534,3207,Alan Bonansea,Club Atletico Colón,Delantero,30,23,1995.0,6.94,6,2,8.0,0,,,39.0,20.0,,,13.0,336.0,56.25,15.0,,,40.0,23.0,3.0,214.0,412.0,17.0,18.0,2,0,0.0,0.27,0.09,0.36,,,1.76,0.9,0.59,0.68,,,1.8,9.65,0.77,0.81,0.09,0.0
994721,112497,Gabriel Cañete,Los Andes,Mediocampista,27,22,1695.0,6.94,0,0,0.0,0,,,12.0,2.0,,,9.0,837.0,77.18,10.0,,,259.0,34.0,7.0,191.0,196.0,32.0,44.0,7,1,0.0,0.0,0.0,0.0,,,0.64,0.11,0.48,0.53,,,13.75,10.14,1.7,2.34,0.37,0.05
1490981,213361,Leonel Pollacchi,San Telmo,Defensor,23,26,2104.0,6.94,0,0,0.0,0,,,5.0,1.0,,,2.0,683.0,72.62,2.0,,,344.0,134.0,15.0,304.0,142.0,16.0,28.0,8,0,0.0,0.0,0.0,0.0,,,0.21,0.04,0.09,0.09,,,14.71,13.0,0.68,1.2,0.34,0.0
857479,34976,Facundo Soloa,Atlético de Rafaela,Mediocampista,29,17,1460.0,6.94,0,0,0.0,0,,,3.0,1.0,,,2.0,561.0,78.25,3.0,,,253.0,29.0,10.0,179.0,176.0,15.0,34.0,5,0,0.0,0.0,0.0,0.0,,,0.18,0.06,0.12,0.18,,,15.6,11.03,0.92,2.1,0.31,0.0
592088,222120,Marcelo Meli,Deportivo Madryn,Mediocampista,33,19,1467.0,6.93,1,1,2.0,1,,,12.0,4.0,,,10.0,618.0,79.13,7.0,,,124.0,13.0,1.0,124.0,130.0,30.0,21.0,6,1,0.0,0.06,0.06,0.12,,,0.74,0.25,0.61,0.43,,,7.61,7.61,1.84,1.29,0.37,0.06
1131028,3200,Gabriel Vega,Nueva Chicago,Mediocampista,24,12,753.0,6.93,1,0,1.0,0,,,9.0,2.0,,,6.0,323.0,87.31,10.0,,,71.0,5.0,1.0,109.0,104.0,29.0,8.0,0,0,0.0,0.12,0.0,0.12,,,1.08,0.24,0.72,1.2,,,8.49,13.03,3.47,0.96,0.0,0.0
989991,4938,Brian Negro,Almagro,Defensor,29,4,296.0,6.93,0,0,0.0,0,,,0.0,0.0,,,1.0,91.0,73.63,2.0,,,36.0,9.0,2.0,28.0,7.0,2.0,0.0,1,0,0.0,0.0,0.0,0.0,,,0.0,0.0,0.3,0.61,,,10.95,8.51,0.61,0.0,0.3,0.0
2465554,112491,Román Etcheverri,Acassuso,Defensor,23,18,1508.0,6.93,0,0,0.0,0,,,8.0,2.0,,,7.0,630.0,62.86,11.0,,,178.0,68.0,11.0,166.0,122.0,17.0,16.0,9,0,1.0,0.0,0.0,0.0,,,0.48,0.12,0.42,0.66,,,10.62,9.91,1.01,0.95,0.54,0.0
938547,43740,Maximo Levi,Almirante Brown,Defensor,30,19,1602.0,6.93,1,0,1.0,0,,,3.0,1.0,,,2.0,660.0,76.06,1.0,,,195.0,62.0,2.0,115.0,71.0,9.0,10.0,4,0,0.0,0.06,0.0,0.06,,,0.17,0.06,0.11,0.06,,,10.96,6.46,0.51,0.56,0.22,0.0
1650470,213042,Santiago Paulini,Deportivo Maipú,Defensor,24,18,1216.0,6.93,1,0,1.0,0,,,5.0,2.0,,,1.0,563.0,85.26,0.0,,,145.0,61.0,11.0,75.0,54.0,3.0,12.0,2,0,0.0,0.07,0.0,0.07,,,0.37,0.15,0.07,0.0,,,10.73,5.55,0.22,0.89,0.15,0.0
932935,23950,Darío Sand,San Martín de Tucumán,Portero,38,19,1710.0,6.93,0,0,0.0,0,,,0.0,0.0,,,1.0,320.0,89.69,0.0,,,68.0,4.0,0.0,6.0,0.0,3.0,0.0,0,0,0.0,0.0,0.0,0.0,,,0.0,0.0,0.05,0.0,,,3.58,0.32,0.16,0.0,0.0,0.0
1385490,3214,Mario Sanabria,Club Atlético Chacarita Juniors,Mediocampista,24,26,1678.0,6.93,1,3,4.0,0,,,27.0,10.0,,,24.0,487.0,61.6,51.0,,,78.0,11.0,0.0,173.0,183.0,23.0,17.0,2,0,0.0,0.05,0.16,0.21,,,1.45,0.54,1.29,2.74,,,4.18,9.28,1.23,0.91,0.11,0.0
1167615,4936,Aaron Spetale,Quilmes Atlético Club,Delantero,26,24,1308.0,6.93,7,1,8.0,0,,,43.0,22.0,,,14.0,320.0,64.06,6.0,,,40.0,6.0,0.0,158.0,281.0,18.0,26.0,2,0,0.0,0.48,0.07,0.55,,,2.96,1.51,0.96,0.41,,,2.75,10.87,1.24,1.79,0.14,0.0
830664,264945,Daniel Sappa,San Miguel,Portero,31,8,720.0,6.93,0,0,0.0,0,,,0.0,0.0,,,0.0,152.0,67.11,0.0,,,35.0,1.0,0.0,6.0,0.0,5.0,0.0,0,0,0.0,0.0,0.0,0.0,,,0.0,0.0,0.0,0.0,,,4.38,0.75,0.62,0.0,0.0,0.0
2045803,273657,Francisco Monticelli,Racing de Córdoba,Mediocampista,23,20,764.0,6.93,0,2,2.0,0,,,26.0,7.0,,,10.0,260.0,71.92,15.0,,,43.0,7.0,0.0,74.0,85.0,13.0,4.0,0,0,0.0,0.0,0.24,0.24,,,3.06,0.82,1.18,1.77,,,5.07,8.72,1.53,0.47,0.0,0.0
992105,255426,Matías Villareal,Central Norte de Salta,Mediocampista,34,20,1664.0,6.93,0,0,0.0,0,,,7.0,0.0,,,4.0,587.0,71.89,6.0,,,228.0,32.0,4.0,164.0,122.0,25.0,25.0,5,0,0.0,0.0,0.0,0.0,,,0.38,0.0,0.22,0.32,,,12.33,8.87,1.35,1.35,0.27,0.0
932870,265787,Alan Perez,Agropecuario Argentino,Defensor,35,23,2053.0,6.93,1,0,1.0,0,,,4.0,1.0,,,8.0,829.0,75.63,0.0,,,213.0,64.0,12.0,124.0,90.0,10.0,6.0,1,0,0.0,0.04,0.0,0.04,,,0.18,0.04,0.35,0.0,,,9.34,5.44,0.44,0.26,0.04,0.0
226544,224646,Juan Sánchez Sotelo,Güemes,Delantero,38,21,1453.0,6.93,9,0,9.0,0,,,28.0,14.0,,,9.0,231.0,70.13,2.0,,,30.0,10.0,0.0,72.0,136.0,12.0,11.0,1,0,0.0,0.56,0.0,0.56,,,1.73,0.87,0.56,0.12,,,1.86,4.46,0.74,0.68,0.06,0.0
974722,112491,Lázaro Romero,Acassuso,Delantero,30,16,925.0,6.93,3,4,7.0,1,,,12.0,5.0,,,12.0,109.0,66.06,13.0,,,34.0,12.0,1.0,101.0,164.0,32.0,23.0,4,0,0.0,0.29,0.39,0.68,,,1.17,0.49,1.17,1.26,,,3.31,9.83,3.11,2.24,0.39,0.0
1198495,213361,Nicolas Molina,San Telmo,Delantero,27,21,1018.0,6.93,2,2,4.0,0,,,29.0,11.0,,,6.0,271.0,63.84,5.0,,,48.0,15.0,2.0,127.0,217.0,15.0,16.0,3,0,0.0,0.18,0.18,0.35,,,2.56,0.97,0.53,0.44,,,4.24,11.23,1.33,1.41,0.27,0.0
848616,6074,Juan Andrada,Godoy Cruz,Mediocampista,31,11,512.0,6.93,0,1,1.0,0,,,6.0,2.0,,,4.0,270.0,83.7,5.0,,,58.0,9.0,6.0,73.0,60.0,22.0,8.0,0,0,0.0,0.0,0.18,0.18,,,1.05,0.35,0.7,0.88,,,10.2,12.83,3.87,1.41,0.0,0.0
933181,4938,Matías Cortave,Almagro,Defensor,34,25,2190.0,6.93,0,0,0.0,0,,,3.0,1.0,,,0.0,614.0,76.06,8.0,,,249.0,100.0,30.0,208.0,130.0,8.0,23.0,4,0,0.0,0.0,0.0,0.0,,,0.12,0.04,0.0,0.33,,,10.23,8.55,0.33,0.95,0.16,0.0
107418,3214,Enrique Bologna,Club Atlético Chacarita Juniors,Portero,44,17,1530.0,6.92,0,0,0.0,0,,,0.0,0.0,,,1.0,282.0,82.98,0.0,,,73.0,5.0,0.0,9.0,2.0,5.0,0.0,1,0,0.0,0.0,0.0,0.0,,,0.0,0.0,0.06,0.0,,,4.29,0.53,0.29,0.0,0.06,0.0
1799515,4936,Ramiro Martínez,Quilmes Atlético Club,Mediocampista,22,24,1397.0,6.92,1,2,3.0,0,,,32.0,9.0,,,11.0,449.0,67.48,26.0,,,134.0,19.0,6.0,193.0,220.0,30.0,36.0,8,0,0.0,0.06,0.13,0.19,,,2.06,0.58,0.71,1.68,,,8.63,12.43,1.93,2.32,0.52,0.0
1020496,3214,Nicolás Chávez,Club Atlético Chacarita Juniors,Defensor,25,22,1500.0,6.92,0,0,0.0,0,,,2.0,1.0,,,11.0,481.0,74.43,30.0,,,203.0,53.0,5.0,206.0,173.0,32.0,15.0,3,0,0.0,0.0,0.0,0.0,,,0.12,0.06,0.66,1.8,,,12.18,12.36,1.92,0.9,0.18,0.0
789298,93513,Nicolas Sanchez,Tristán Suárez,Mediocampista,34,19,1214.0,6.92,0,1,1.0,0,,,8.0,2.0,,,11.0,612.0,77.78,6.0,,,123.0,25.0,2.0,115.0,109.0,38.0,15.0,1,0,0.0,0.0,0.07,0.07,,,0.59,0.15,0.82,0.44,,,9.12,8.53,2.82,1.11,0.07,0.0
2035699,93109,Joaquín Livera,Deportivo Morón,Defensor,27,25,2088.0,6.92,1,2,3.0,0,,,17.0,4.0,,,21.0,730.0,67.81,6.0,,,180.0,45.0,3.0,121.0,125.0,10.0,26.0,4,0,0.0,0.04,0.09,0.13,,,0.73,0.17,0.91,0.26,,,7.76,5.22,0.43,1.12,0.17,0.0
2228012,3200,Thiago Ocampo,Nueva Chicago,Mediocampista,17,24,1712.0,6.92,3,3,6.0,0,,,43.0,12.0,,,20.0,328.0,60.37,80.0,,,58.0,9.0,1.0,182.0,265.0,21.0,38.0,4,0,0.0,0.16,0.16,0.32,,,2.26,0.63,1.05,4.21,,,3.05,9.57,1.1,2.0,0.21,0.0
581666,112497,Mauricio Asenjo,Los Andes,Delantero,32,20,1662.0,6.92,7,1,8.0,0,,,49.0,29.0,,,12.0,346.0,70.23,11.0,,,71.0,29.0,6.0,206.0,360.0,33.0,35.0,10,2,0.0,0.38,0.05,0.43,,,2.65,1.57,0.65,0.6,,,3.84,11.16,1.79,1.9,0.54,0.11
1469367,255426,Elias Calderón,Central Norte de Salta,Defensor,25,21,1890.0,6.92,1,1,2.0,0,,,10.0,3.0,,,1.0,600.0,73.17,5.0,,,313.0,106.0,11.0,239.0,158.0,20.0,31.0,5,0,1.0,0.05,0.05,0.1,,,0.48,0.14,0.05,0.24,,,14.9,11.38,0.95,1.48,0.24,0.0
941498,93513,Nicolas Henry,Tristán Suárez,Defensor,27,7,288.0,6.92,0,0,0.0,0,,,3.0,1.0,,,2.0,112.0,62.5,0.0,,,31.0,10.0,0.0,24.0,17.0,2.0,3.0,2,0,0.0,0.0,0.0,0.0,,,0.94,0.31,0.62,0.0,,,9.69,7.5,0.62,0.94,0.62,0.0
1835769,264945,Máximo Oses,San Miguel,Mediocampista,21,22,1199.0,6.92,0,1,1.0,0,,,23.0,6.0,,,12.0,411.0,63.02,50.0,,,108.0,10.0,2.0,191.0,230.0,28.0,30.0,7,0,0.0,0.0,0.08,0.08,,,1.73,0.45,0.9,3.75,,,8.11,14.34,2.1,2.25,0.53,0.0
859965,222126,Nicolás Rinaldi,Gimnasia y Tiro de Salta,Mediocampista,33,27,1753.0,6.92,3,2,5.0,0,,,27.0,11.0,,,15.0,674.0,80.42,7.0,,,176.0,41.0,6.0,135.0,158.0,19.0,26.0,4,0,0.0,0.15,0.1,0.26,,,1.39,0.56,0.77,0.36,,,9.04,6.93,0.98,1.33,0.21,0.0
1186317,43741,Valentín Pereyra,Patronato,Mediocampista,24,24,1795.0,6.92,1,2,3.0,0,,,18.0,5.0,,,26.0,428.0,69.86,38.0,,,98.0,9.0,1.0,149.0,168.0,36.0,15.0,2,1,0.0,0.05,0.1,0.15,,,0.9,0.25,1.3,1.91,,,4.91,7.47,1.81,0.75,0.1,0.05
789372,112499,Adrián Arregui,Temperley,Mediocampista,34,19,1439.0,6.92,1,0,1.0,0,,,10.0,4.0,,,4.0,746.0,78.02,2.0,,,222.0,42.0,4.0,138.0,97.0,14.0,29.0,5,0,0.0,0.06,0.0,0.06,,,0.63,0.25,0.25,0.13,,,13.88,8.63,0.88,1.81,0.31,0.0
38784,112499,Gabriel Hauche,Temperley,Mediocampista,39,20,1148.0,6.92,5,1,6.0,0,,,21.0,13.0,,,8.0,393.0,73.28,8.0,,,45.0,6.0,0.0,59.0,88.0,18.0,20.0,4,1,0.0,0.39,0.08,0.47,,,1.65,1.02,0.63,0.63,,,3.53,4.63,1.41,1.57,0.31,0.08
830685,93107,Enzo Acosta,Estudiantes de Buenos Aires,Mediocampista,29,22,1434.0,6.92,3,3,6.0,0,,,18.0,8.0,,,22.0,494.0,70.85,15.0,,,67.0,7.0,0.0,69.0,113.0,8.0,9.0,2,2,0.0,0.19,0.19,0.38,,,1.13,0.5,1.38,0.94,,,4.21,4.33,0.5,0.56,0.13,0.13
2044351,112497,Facundo Villarreal,Los Andes,Mediocampista,21,20,1059.0,6.92,2,2,4.0,0,,,22.0,10.0,,,11.0,189.0,55.03,31.0,,,40.0,5.0,0.0,117.0,182.0,32.0,22.0,3,0,0.0,0.17,0.17,0.34,,,1.87,0.85,0.93,2.63,,,3.4,9.94,2.72,1.87,0.25,0.0
1485504,112491,Santiago Bellatti,Acassuso,Defensor,24,20,1644.0,6.92,1,0,1.0,0,,,7.0,4.0,,,0.0,458.0,74.67,0.0,,,180.0,110.0,11.0,137.0,79.0,6.0,14.0,1,0,0.0,0.05,0.0,0.05,,,0.38,0.22,0.0,0.0,,,9.85,7.5,0.33,0.77,0.05,0.0
1514482,4936,Martín Vallejos,Quilmes Atlético Club,Defensor,25,21,1805.0,6.91,0,3,3.0,0,,,2.0,0.0,,,11.0,643.0,66.87,14.0,,,230.0,57.0,5.0,159.0,127.0,8.0,14.0,2,0,0.0,0.0,0.15,0.15,,,0.1,0.0,0.55,0.7,,,11.47,7.93,0.4,0.7,0.1,0.0
896871,222120,Federico Recalde,Deportivo Madryn,Mediocampista,30,24,1725.0,6.91,0,2,2.0,0,,,10.0,0.0,,,1.0,737.0,82.23,7.0,,,211.0,40.0,10.0,122.0,100.0,33.0,18.0,3,0,0.0,0.0,0.1,0.1,,,0.52,0.0,0.05,0.37,,,11.01,6.37,1.72,0.94,0.16,0.0
906807,53799,Nicolás Previtali,Atlanta,Mediocampista,31,22,1896.0,6.91,3,0,3.0,3,,,10.0,3.0,,,10.0,855.0,81.4,8.0,,,197.0,37.0,8.0,142.0,126.0,19.0,17.0,2,0,0.0,0.14,0.0,0.14,,,0.47,0.14,0.47,0.38,,,9.35,6.74,0.9,0.81,0.09,0.0
984928,93109,Gonzalo Berterame,Deportivo Morón,Mediocampista,30,24,1362.0,6.91,1,4,5.0,0,,,17.0,7.0,,,13.0,419.0,70.88,22.0,,,76.0,3.0,0.0,105.0,166.0,30.0,11.0,1,0,0.0,0.07,0.26,0.33,,,1.12,0.46,0.86,1.45,,,5.02,6.94,1.98,0.73,0.07,0.0
1627950,43740,Enzo Cardozo,Almirante Brown,Defensor,20,23,1826.0,6.91,1,1,2.0,0,,,10.0,2.0,,,4.0,614.0,66.29,14.0,,,169.0,76.0,2.0,175.0,153.0,24.0,25.0,8,0,0.0,0.05,0.05,0.1,,,0.49,0.1,0.2,0.69,,,8.33,8.63,1.18,1.23,0.39,0.0
1003027,265787,Tomas Lecanda,Agropecuario Argentino,Defensor,24,23,2006.0,6.91,1,0,1.0,0,,,7.0,2.0,,,3.0,666.0,77.93,10.0,,,244.0,91.0,17.0,182.0,139.0,21.0,15.0,2,0,0.0,0.04,0.0,0.04,,,0.31,0.09,0.13,0.45,,,10.95,8.17,0.94,0.67,0.09,0.0
1891466,53799,Tomás Rojas,Atlanta,Defensor,24,23,1876.0,6.91,0,0,0.0,0,,,1.0,0.0,,,3.0,949.0,85.99,6.0,,,222.0,61.0,4.0,179.0,92.0,10.0,23.0,5,1,1.0,0.0,0.0,0.0,,,0.05,0.0,0.14,0.29,,,10.65,8.59,0.48,1.1,0.24,0.05
34391,213361,Facundo Roncaglia,San Telmo,Defensor,39,16,1198.0,6.91,1,0,1.0,0,,,7.0,3.0,,,6.0,445.0,75.28,1.0,,,161.0,58.0,5.0,137.0,99.0,10.0,14.0,1,0,0.0,0.08,0.0,0.08,,,0.53,0.23,0.45,0.08,,,12.1,10.29,0.75,1.05,0.08,0.0
777343,3214,Nicolás Pantaleone,Club Atlético Chacarita Juniors,Defensor,33,17,1263.0,6.91,1,0,1.0,0,,,7.0,1.0,,,2.0,491.0,77.6,1.0,,,132.0,40.0,5.0,102.0,59.0,11.0,8.0,2,1,0.0,0.07,0.0,0.07,,,0.5,0.07,0.14,0.07,,,9.41,7.27,0.78,0.57,0.14,0.07
128384,3200,Dylan Gissi,Nueva Chicago,Defensor,35,16,1233.0,6.91,0,0,0.0,0,,,5.0,2.0,,,1.0,581.0,78.49,2.0,,,185.0,85.0,10.0,79.0,49.0,8.0,10.0,2,2,0.0,0.0,0.0,0.0,,,0.36,0.15,0.07,0.15,,,13.5,5.77,0.58,0.73,0.15,0.15
2110335,6074,Antonio Guerrero,Godoy Cruz,Delantero,18,9,415.0,6.91,0,1,1.0,0,,,3.0,1.0,,,7.0,100.0,72.0,10.0,,,23.0,8.0,0.0,58.0,60.0,16.0,7.0,1,0,0.0,0.0,0.22,0.22,,,0.65,0.22,1.52,2.17,,,4.99,12.58,3.47,1.52,0.22,0.0
2022732,112491,Joaquin Cancio,Acassuso,Mediocampista,,9,810.0,6.91,0,0,0.0,0,,,6.0,2.0,,,2.0,288.0,76.39,2.0,,,111.0,28.0,7.0,67.0,51.0,9.0,9.0,2,0,0.0,0.0,0.0,0.0,,,0.67,0.22,0.22,0.22,,,12.33,7.44,1.0,1.0,0.22,0.0
340863,23950,Matías García,San Martín de Tucumán,Mediocampista,34,13,487.0,6.91,1,2,3.0,0,,,4.0,3.0,,,5.0,173.0,75.14,5.0,,,31.0,5.0,1.0,46.0,58.0,12.0,8.0,2,0,0.0,0.18,0.37,0.55,,,0.74,0.55,0.92,0.92,,,5.73,8.5,2.22,1.48,0.37,0.0
1819646,112493,Franco  Zicarelli,Colegiales,Mediocampista,24,23,1277.0,6.91,1,1,2.0,0,,,24.0,8.0,,,24.0,541.0,66.17,25.0,,,78.0,9.0,3.0,95.0,134.0,12.0,15.0,3,0,0.0,0.07,0.07,0.14,,,1.69,0.56,1.69,1.76,,,5.5,6.7,0.85,1.06,0.21,0.0
1092609,224646,Santiago Sala,Güemes,Delantero,24,27,2228.0,6.91,4,2,5.0,0,,,44.0,18.0,,,24.0,717.0,73.64,38.0,,,108.0,19.0,0.0,215.0,335.0,34.0,38.0,4,0,0.0,0.16,0.08,0.2,,,1.78,0.73,0.97,1.54,,,4.36,8.68,1.37,1.54,0.16,0.0
47333,5292,Cristian Menéndez,Gimnasia Y Esgrima De Jujuy,Delantero,38,21,1537.0,6.91,6,1,7.0,0,,,30.0,10.0,,,8.0,166.0,62.05,4.0,,,26.0,15.0,2.0,102.0,188.0,14.0,12.0,1,0,0.0,0.35,0.06,0.41,,,1.76,0.59,0.47,0.23,,,1.52,5.97,0.82,0.7,0.06,0.0
895215,93109,Julio Salvá,Deportivo Morón,Portero,39,20,1800.0,6.91,0,0,0.0,0,,,0.0,0.0,,,0.0,253.0,82.21,0.0,,,112.0,8.0,0.0,15.0,2.0,4.0,0.0,0,0,0.0,0.0,0.0,0.0,,,0.0,0.0,0.0,0.0,,,5.6,0.75,0.2,0.0,0.0,0.0
129517,93109,Mariano Bittolo,Deportivo Morón,Mediocampista,36,22,1455.0,6.91,0,2,2.0,0,,,6.0,1.0,,,17.0,557.0,75.22,6.0,,,139.0,13.0,1.0,113.0,96.0,29.0,7.0,2,0,0.0,0.0,0.12,0.12,,,0.37,0.06,1.05,0.37,,,8.6,6.99,1.79,0.43,0.12,0.0
1215983,36834,Alexis Melo,All Boys,Mediocampista,24,23,1464.0,6.9,1,0,1.0,0,,,23.0,7.0,,,8.0,620.0,74.84,13.0,,,190.0,20.0,3.0,147.0,126.0,43.0,13.0,5,0,0.0,0.06,0.0,0.06,,,1.41,0.43,0.49,0.8,,,11.68,9.04,2.64,0.8,0.31,0.0
896922,52215,Ezequiel Aguirre,Defensores de Belgrano,Delantero,34,24,1945.0,6.9,2,3,5.0,0,,,41.0,12.0,,,32.0,485.0,67.63,24.0,,,51.0,3.0,1.0,129.0,245.0,27.0,30.0,2,1,0.0,0.09,0.14,0.23,,,1.9,0.56,1.48,1.11,,,2.36,5.97,1.25,1.39,0.09,0.05
828867,36841,Emanuel Dening,Club Ferro Carril Oeste,Delantero,38,23,1517.0,6.9,5,1,6.0,1,,,43.0,19.0,,,18.0,313.0,61.66,35.0,,,48.0,8.0,2.0,163.0,290.0,40.0,30.0,7,1,0.0,0.3,0.06,0.36,,,2.55,1.13,1.07,2.08,,,2.85,9.67,2.37,1.78,0.42,0.06
2450911,255426,Francisco Borda,Central Norte de Salta,Delantero,24,22,1785.0,6.9,3,2,5.0,1,,,38.0,13.0,,,13.0,256.0,66.02,17.0,,,43.0,14.0,0.0,205.0,411.0,40.0,37.0,4,0,1.0,0.15,0.1,0.25,,,1.92,0.66,0.66,0.86,,,2.17,10.34,2.02,1.87,0.2,0.0
1087068,7772,Luciano Ferreyra,San Martín de San Juan,Mediocampista,24,7,223.0,6.9,2,0,2.0,0,,,7.0,3.0,,,4.0,57.0,63.16,4.0,,,6.0,0.0,0.0,11.0,16.0,1.0,2.0,0,0,0.0,0.81,0.0,0.81,,,2.83,1.21,1.61,1.61,,,2.42,4.44,0.4,0.81,0.0,0.0
1022776,93109,Mateo Levato,Deportivo Morón,Delantero,30,8,499.0,6.9,2,0,2.0,0,,,7.0,3.0,,,2.0,67.0,64.18,1.0,,,21.0,2.0,0.0,49.0,55.0,13.0,8.0,1,0,0.0,0.36,0.0,0.36,,,1.26,0.54,0.36,0.18,,,3.79,8.84,2.34,1.44,0.18,0.0
122618,53799,Leonel Galeano,Atlanta,Defensor,35,14,750.0,6.9,2,0,2.0,0,,,9.0,4.0,,,0.0,415.0,85.54,1.0,,,107.0,21.0,4.0,77.0,35.0,7.0,2.0,0,0,0.0,0.24,0.0,0.24,,,1.08,0.48,0.0,0.12,,,12.84,9.24,0.84,0.24,0.0,0.0
1021875,264945,Daniel Juárez,San Miguel,Mediocampista,25,19,1056.0,6.9,2,0,2.0,0,,,17.0,4.0,,,15.0,286.0,65.38,9.0,,,69.0,10.0,1.0,88.0,115.0,17.0,12.0,1,0,0.0,0.17,0.0,0.17,,,1.45,0.34,1.28,0.77,,,5.88,7.5,1.45,1.02,0.09,0.0
913607,5292,Joaquín Varela,Gimnasia Y Esgrima De Jujuy,Defensor,29,7,282.0,6.9,1,0,1.0,0,,,1.0,1.0,,,0.0,69.0,60.87,0.0,,,33.0,38.0,2.0,17.0,13.0,0.0,3.0,1,0,0.0,0.32,0.0,0.32,,,0.32,0.32,0.0,0.0,,,10.53,5.43,0.0,0.96,0.32,0.0
122667,3214,Julián Velázquez,Club Atlético Chacarita Juniors,Defensor,35,15,1321.0,6.9,0,1,1.0,0,,,2.0,1.0,,,5.0,568.0,79.4,2.0,,,221.0,45.0,4.0,133.0,92.0,10.0,8.0,5,0,0.0,0.0,0.07,0.07,,,0.14,0.07,0.34,0.14,,,15.06,9.06,0.68,0.55,0.34,0.0
1514550,270344,Pablo Casarico,Ferrocarril Midland,Defensor,25,23,1825.0,6.9,0,1,1.0,0,,,9.0,3.0,,,15.0,701.0,64.91,10.0,,,226.0,71.0,4.0,203.0,152.0,23.0,31.0,5,0,0.0,0.0,0.05,0.05,,,0.44,0.15,0.74,0.49,,,11.15,10.01,1.13,1.53,0.25,0.0
2485104,4938,Joaquin Flores,Almagro,Defensor,,2,180.0,6.9,0,0,0.0,0,,,0.0,0.0,,,0.0,25.0,68.0,2.0,,,15.0,2.0,0.0,11.0,11.0,3.0,2.0,0,0,0.0,0.0,0.0,0.0,,,0.0,0.0,0.0,1.0,,,7.5,5.5,1.5,1.0,0.0,0.0
1117452,222126,Adolfo Tallura,Gimnasia y Tiro de Salta,Defensor,39,6,448.0,6.9,0,0,0.0,0,,,0.0,0.0,,,2.0,111.0,64.86,0.0,,,52.0,19.0,3.0,45.0,36.0,1.0,6.0,1,0,0.0,0.0,0.0,0.0,,,0.0,0.0,0.4,0.0,,,10.45,9.04,0.2,1.21,0.2,0.0
871794,93109,Braian Salvareschi,Deportivo Morón,Defensor,27,25,2151.0,6.9,0,0,0.0,0,,,4.0,1.0,,,0.0,638.0,74.29,0.0,,,255.0,95.0,6.0,145.0,95.0,9.0,16.0,6,0,0.0,0.0,0.0,0.0,,,0.17,0.04,0.0,0.0,,,10.67,6.07,0.38,0.67,0.25,0.0
1111801,36834,Nicolas Barrientos,All Boys,Mediocampista,31,22,1094.0,6.9,1,1,2.0,0,,,15.0,7.0,,,13.0,428.0,75.0,19.0,,,58.0,10.0,1.0,85.0,77.0,18.0,9.0,1,0,0.0,0.08,0.08,0.16,,,1.23,0.58,1.07,1.56,,,4.77,6.99,1.48,0.74,0.08,0.0
1472408,264945,Alexis Cruz,San Miguel,Defensor,26,22,1609.0,6.9,0,1,1.0,0,,,7.0,1.0,,,16.0,572.0,57.34,18.0,,,187.0,55.0,1.0,176.0,127.0,30.0,24.0,9,0,0.0,0.0,0.06,0.06,,,0.39,0.06,0.89,1.01,,,10.46,9.84,1.68,1.34,0.5,0.0
340477,93107,Juan Manuel Lungarzo,Estudiantes de Buenos Aires,Portero,33,21,1890.0,6.9,0,0,0.0,0,,,0.0,0.0,,,0.0,360.0,84.17,0.0,,,84.0,2.0,0.0,9.0,1.0,4.0,0.0,0,0,0.0,0.0,0.0,0.0,,,0.0,0.0,0.0,0.0,,,4.0,0.43,0.19,0.0,0.0,0.0
1017458,93513,Marcos Enrique,Tristán Suárez,Mediocampista,26,16,856.0,6.89,0,0,0.0,0,,,11.0,1.0,,,9.0,310.0,70.65,8.0,,,108.0,26.0,2.0,91.0,75.0,6.0,17.0,3,0,0.0,0.0,0.0,0.0,,,1.16,0.11,0.95,0.84,,,11.36,9.57,0.63,1.79,0.32,0.0
1018416,3214,Gonzalo Mottes,Club Atlético Chacarita Juniors,Defensor,28,13,1170.0,6.89,0,0,0.0,0,,,2.0,0.0,,,0.0,463.0,76.46,0.0,,,170.0,36.0,9.0,168.0,77.0,8.0,8.0,2,0,0.0,0.0,0.0,0.0,,,0.15,0.0,0.0,0.0,,,13.08,12.92,0.62,0.62,0.15,0.0
974709,53799,Martín García,Atlanta,Defensor,28,25,2133.0,6.89,0,1,1.0,0,,,12.0,4.0,,,15.0,940.0,71.06,16.0,,,214.0,73.0,4.0,191.0,155.0,8.0,19.0,5,0,0.0,0.0,0.04,0.04,,,0.51,0.17,0.63,0.68,,,9.03,8.06,0.34,0.8,0.21,0.0
988856,93513,Sebastián Ramírez,Tristán Suárez,Delantero,26,13,707.0,6.89,2,0,2.0,0,,,21.0,6.0,,,6.0,200.0,73.0,6.0,,,31.0,6.0,0.0,68.0,78.0,24.0,9.0,1,0,0.0,0.25,0.0,0.25,,,2.67,0.76,0.76,0.76,,,3.95,8.66,3.06,1.15,0.13,0.0
932903,3207,Federico Rasmussen,Club Atletico Colón,Defensor,34,25,2250.0,6.89,1,0,1.0,0,,,3.0,1.0,,,3.0,942.0,84.71,2.0,,,306.0,94.0,9.0,225.0,109.0,19.0,21.0,6,0,0.0,0.04,0.0,0.04,,,0.12,0.04,0.12,0.08,,,12.24,9.0,0.76,0.84,0.24,0.0
2044755,112499,Valentín Gabriel Aguiñagalde,Temperley,Defensor,21,25,2250.0,6.89,0,0,0.0,0,,,5.0,1.0,,,4.0,872.0,81.19,2.0,,,235.0,90.0,12.0,176.0,125.0,7.0,16.0,7,0,0.0,0.0,0.0,0.0,,,0.2,0.04,0.16,0.08,,,9.4,7.04,0.28,0.64,0.28,0.0
1018462,3200,Sebastián Cocimano,Nueva Chicago,Delantero,26,23,1317.0,6.89,5,0,5.0,0,,,37.0,19.0,,,15.0,227.0,63.0,10.0,,,22.0,19.0,5.0,121.0,208.0,8.0,23.0,1,0,0.0,0.34,0.0,0.34,,,2.53,1.3,1.03,0.68,,,1.5,8.27,0.55,1.57,0.07,0.0
773629,36841,Ángel González,Club Ferro Carril Oeste,Mediocampista,32,23,1538.0,6.89,2,5,7.0,0,,,15.0,8.0,,,26.0,382.0,65.71,31.0,,,87.0,7.0,1.0,135.0,158.0,17.0,19.0,2,0,0.0,0.12,0.29,0.41,,,0.88,0.47,1.52,1.81,,,5.09,7.9,0.99,1.11,0.12,0.0
1925365,4938,Lautaro Busto,Almagro,Defensor,22,12,850.0,6.89,0,0,0.0,0,,,5.0,0.0,,,1.0,252.0,67.46,2.0,,,103.0,48.0,5.0,89.0,52.0,11.0,11.0,3,0,0.0,0.0,0.0,0.0,,,0.53,0.0,0.11,0.21,,,10.91,9.42,1.16,1.16,0.32,0.0
2229943,270344,Ezequiel Bulacio,Ferrocarril Midland,Delantero,24,22,1053.0,6.89,7,1,8.0,0,,,42.0,18.0,,,8.0,180.0,71.11,5.0,,,30.0,5.0,1.0,81.0,187.0,16.0,25.0,3,0,0.0,0.6,0.09,0.68,,,3.59,1.54,0.68,0.43,,,2.56,6.92,1.37,2.14,0.26,0.0
1163996,23950,Kevin Lopez,San Martín de Tucumán,Mediocampista,24,10,447.0,6.89,1,2,3.0,0,,,11.0,3.0,,,8.0,225.0,81.33,6.0,,,28.0,0.0,0.0,40.0,47.0,8.0,10.0,2,0,0.0,0.2,0.4,0.6,,,2.21,0.6,1.61,1.21,,,5.64,8.05,1.61,2.01,0.4,0.0
944659,23950,Santiago Briñone,San Martín de Tucumán,Mediocampista,29,21,1470.0,6.89,1,1,2.0,0,,,19.0,1.0,,,7.0,618.0,73.95,14.0,,,142.0,28.0,1.0,108.0,102.0,39.0,18.0,8,1,0.0,0.06,0.06,0.12,,,1.16,0.06,0.43,0.86,,,8.69,6.61,2.39,1.1,0.49,0.06
1485215,93109,Franco Vázquez,Deportivo Morón,Defensor,21,20,1744.0,6.89,1,0,1.0,0,,,5.0,1.0,,,1.0,494.0,79.76,2.0,,,194.0,47.0,7.0,126.0,68.0,11.0,16.0,5,1,1.0,0.05,0.0,0.05,,,0.26,0.05,0.05,0.1,,,10.01,6.5,0.57,0.83,0.26,0.05
290003,255426,Pablo Mauricio Rosales,Central Norte de Salta,Defensor,34,21,1532.0,6.89,1,0,1.0,0,,,17.0,7.0,,,16.0,418.0,60.53,4.0,,,95.0,37.0,2.0,98.0,83.0,13.0,10.0,4,0,0.0,0.06,0.0,0.06,,,1.0,0.41,0.94,0.23,,,5.58,5.76,0.76,0.59,0.23,0.0
2108142,23950,Luca Arfaras,San Martín de Tucumán,Delantero,20,20,1053.0,6.89,3,2,5.0,0,,,23.0,8.0,,,8.0,177.0,63.28,21.0,,,36.0,8.0,1.0,98.0,158.0,13.0,14.0,1,1,0.0,0.26,0.17,0.43,,,1.97,0.68,0.68,1.79,,,3.08,8.38,1.11,1.2,0.09,0.09
1908080,4936,Lucas Romeo,Quilmes Atlético Club,Defensor,22,9,627.0,6.89,0,0,0.0,0,,,0.0,0.0,,,2.0,195.0,75.38,0.0,,,75.0,41.0,8.0,52.0,51.0,3.0,8.0,1,0,1.0,0.0,0.0,0.0,,,0.0,0.0,0.29,0.0,,,10.77,7.46,0.43,1.15,0.14,0.0
246161,5292,Hugo Soria,Gimnasia Y Esgrima De Jujuy,Mediocampista,36,25,2131.0,6.89,2,0,2.0,0,,,16.0,6.0,,,4.0,1135.0,84.93,4.0,,,241.0,36.0,3.0,126.0,123.0,17.0,17.0,8,0,0.0,0.08,0.0,0.08,,,0.68,0.25,0.17,0.17,,,10.18,5.32,0.72,0.72,0.34,0.0
927671,34976,Leonardo Flores,Atlético de Rafaela,Defensor,29,21,1650.0,6.89,1,3,4.0,0,,,13.0,2.0,,,17.0,575.0,69.91,24.0,,,160.0,45.0,4.0,156.0,154.0,15.0,24.0,6,1,0.0,0.05,0.16,0.22,,,0.71,0.11,0.93,1.31,,,8.73,8.51,0.82,1.31,0.33,0.05
1488560,36834,Alejo Rodriguez,All Boys,Defensor,24,8,610.0,6.89,0,0,0.0,0,,,2.0,0.0,,,3.0,191.0,68.06,2.0,,,99.0,24.0,1.0,91.0,58.0,6.0,12.0,5,1,0.0,0.0,0.0,0.0,,,0.3,0.0,0.44,0.3,,,14.61,13.43,0.89,1.77,0.74,0.15
1131027,273657,Gabriel Aranda,Racing de Córdoba,Defensor,25,14,1098.0,6.88,0,0,0.0,0,,,2.0,0.0,,,1.0,340.0,77.06,1.0,,,122.0,67.0,6.0,70.0,45.0,4.0,10.0,2,0,0.0,0.0,0.0,0.0,,,0.16,0.0,0.08,0.08,,,10.0,5.74,0.33,0.82,0.16,0.0
844534,93107,Mateo Acosta,Estudiantes de Buenos Aires,Delantero,33,18,1189.0,6.88,3,1,3.0,2,,,27.0,8.0,,,4.0,212.0,63.68,4.0,,,25.0,5.0,0.0,119.0,158.0,14.0,16.0,1,0,0.0,0.23,0.08,0.23,,,2.04,0.61,0.3,0.3,,,1.89,9.01,1.06,1.21,0.08,0.0
976095,43740,Santiago Vera,Almirante Brown,Delantero,27,17,749.0,6.88,2,1,3.0,1,,,36.0,10.0,,,4.0,168.0,67.86,14.0,,,14.0,8.0,1.0,57.0,103.0,9.0,7.0,0,0,0.0,0.24,0.12,0.36,,,4.33,1.2,0.48,1.68,,,1.68,6.85,1.08,0.84,0.0,0.0
974663,34976,Roque Ramírez,Atlético de Rafaela,Defensor,27,5,333.0,6.88,0,0,0.0,0,,,1.0,0.0,,,1.0,119.0,57.98,1.0,,,30.0,4.0,4.0,22.0,28.0,6.0,4.0,2,0,0.0,0.0,0.0,0.0,,,0.27,0.0,0.27,0.27,,,8.11,5.95,1.62,1.08,0.54,0.0
789367,213361,Patricio Romero,San Telmo,Defensor,33,6,520.0,6.88,0,0,0.0,0,,,2.0,0.0,,,2.0,109.0,53.21,3.0,,,43.0,26.0,3.0,40.0,21.0,4.0,4.0,0,0,0.0,0.0,0.0,0.0,,,0.35,0.0,0.35,0.52,,,7.44,6.92,0.69,0.69,0.0,0.0
992966,43741,Franco Meritello,Patronato,Defensor,30,21,1777.0,6.88,0,0,0.0,0,,,6.0,1.0,,,3.0,697.0,78.91,1.0,,,236.0,60.0,6.0,149.0,79.0,15.0,16.0,6,1,0.0,0.0,0.0,0.0,,,0.3,0.05,0.15,0.05,,,11.95,7.55,0.76,0.81,0.3,0.05
789446,43741,Franco Soldano,Patronato,Delantero,31,23,1694.0,6.88,1,3,4.0,0,,,26.0,11.0,,,13.0,284.0,64.08,5.0,,,51.0,13.0,3.0,138.0,240.0,17.0,11.0,2,0,0.0,0.05,0.16,0.21,,,1.38,0.58,0.69,0.27,,,2.71,7.33,0.9,0.58,0.11,0.0
877592,52215,Joaquín Ardaiz,Defensores de Belgrano,Delantero,27,8,625.0,6.88,2,0,2.0,1,,,11.0,6.0,,,6.0,86.0,65.12,2.0,,,7.0,1.0,1.0,40.0,52.0,1.0,10.0,1,0,0.0,0.29,0.0,0.29,,,1.58,0.86,0.86,0.29,,,1.01,5.76,0.14,1.44,0.14,0.0
1983471,112499,Lisandro Morrone,Temperley,Portero,,4,329.0,6.88,0,0,0.0,0,,,0.0,0.0,,,0.0,54.0,85.19,0.0,,,22.0,2.0,0.0,2.0,1.0,2.0,0.0,0,0,0.0,0.0,0.0,0.0,,,0.0,0.0,0.0,0.0,,,6.02,0.55,0.55,0.0,0.0,0.0
2077602,255425,Segundo Rodríguez,CA Mitre,Defensor,22,7,438.0,6.88,0,0,0.0,0,,,0.0,0.0,,,2.0,149.0,68.46,0.0,,,46.0,12.0,0.0,37.0,22.0,3.0,1.0,1,0,0.0,0.0,0.0,0.0,,,0.0,0.0,0.41,0.0,,,9.45,7.6,0.62,0.21,0.21,0.0
883926,112497,Juan Manuel Vazquez,Los Andes,Mediocampista,32,13,412.0,6.88,0,0,0.0,0,,,5.0,1.0,,,9.0,225.0,77.33,1.0,,,43.0,10.0,2.0,27.0,42.0,6.0,3.0,0,0,0.0,0.0,0.0,0.0,,,1.09,0.22,1.97,0.22,,,9.39,5.9,1.31,0.66,0.0,0.0
895347,4936,Agustín Bolívar,Quilmes Atlético Club,Mediocampista,30,23,1840.0,6.87,1,1,2.0,0,,,16.0,3.0,,,5.0,672.0,71.73,5.0,,,252.0,36.0,5.0,189.0,159.0,13.0,34.0,4,0,0.0,0.05,0.05,0.1,,,0.78,0.15,0.24,0.24,,,12.33,9.24,0.64,1.66,0.2,0.0
1213805,52215,Martín Rodríguez Gómez,Defensores de Belgrano,Defensor,28,11,889.0,6.87,0,0,0.0,0,,,2.0,0.0,,,3.0,326.0,71.17,3.0,,,72.0,40.0,3.0,58.0,56.0,8.0,8.0,2,0,0.0,0.0,0.0,0.0,,,0.2,0.0,0.3,0.3,,,7.29,5.87,0.81,0.81,0.2,0.0
289773,52215,Luis Jérez,Defensores de Belgrano,Mediocampista,37,19,1262.0,6.87,0,0,0.0,0,,,7.0,1.0,,,0.0,540.0,77.04,3.0,,,219.0,48.0,4.0,174.0,112.0,18.0,34.0,2,0,0.0,0.0,0.0,0.0,,,0.5,0.07,0.0,0.21,,,15.62,12.41,1.28,2.42,0.14,0.0
895231,3207,Ignacio Antonio,Club Atletico Colón,Mediocampista,31,26,1852.0,6.87,2,0,2.0,0,,,18.0,5.0,,,7.0,707.0,79.07,17.0,,,173.0,18.0,5.0,154.0,141.0,30.0,18.0,5,0,0.0,0.1,0.0,0.1,,,0.87,0.24,0.34,0.83,,,8.41,7.48,1.46,0.87,0.24,0.0
1518750,43741,Gabriel Díaz,Patronato,Defensor,23,22,1913.0,6.87,1,0,1.0,0,,,3.0,2.0,,,2.0,578.0,76.64,5.0,,,272.0,73.0,11.0,207.0,124.0,13.0,19.0,4,0,0.0,0.05,0.0,0.05,,,0.14,0.09,0.09,0.24,,,12.8,9.74,0.61,0.89,0.19,0.0
860055,252726,David Valdez,Chaco For Ever,Defensor,33,25,2156.0,6.87,0,0,0.0,0,,,11.0,3.0,,,2.0,660.0,79.7,1.0,,,310.0,73.0,15.0,201.0,162.0,7.0,34.0,7,1,0.0,0.0,0.0,0.0,,,0.46,0.13,0.08,0.04,,,12.94,8.39,0.29,1.42,0.29,0.04
990059,43741,Juan Salas,Patronato,Mediocampista,27,18,1253.0,6.87,1,3,4.0,0,,,11.0,4.0,,,13.0,321.0,66.67,18.0,,,104.0,15.0,2.0,141.0,148.0,26.0,35.0,8,0,0.0,0.07,0.22,0.29,,,0.79,0.29,0.93,1.29,,,7.47,10.13,1.87,2.51,0.57,0.0
155701,264945,Facundo Cardozo,San Miguel,Defensor,31,20,1584.0,6.87,0,0,0.0,0,,,9.0,4.0,,,8.0,599.0,74.62,5.0,,,205.0,64.0,5.0,159.0,107.0,9.0,14.0,2,0,0.0,0.0,0.0,0.0,,,0.51,0.23,0.45,0.28,,,11.65,9.03,0.51,0.8,0.11,0.0
1201524,112493,Lucio Castillo,Colegiales,Mediocampista,24,24,1450.0,6.87,1,3,4.0,0,,,17.0,3.0,,,25.0,532.0,71.24,36.0,,,84.0,15.0,2.0,150.0,223.0,48.0,24.0,5,0,0.0,0.06,0.19,0.25,,,1.06,0.19,1.55,2.23,,,5.21,9.31,2.98,1.49,0.31,0.0
175097,93107,Jorge Correa,Estudiantes de Buenos Aires,Delantero,33,23,1518.0,6.87,0,1,1.0,0,,,43.0,6.0,,,14.0,501.0,67.47,25.0,,,55.0,3.0,1.0,104.0,141.0,39.0,9.0,5,0,0.0,0.0,0.06,0.06,,,2.55,0.36,0.83,1.48,,,3.26,6.17,2.31,0.53,0.3,0.0
989895,36834,Yago De Vito,All Boys,Defensor,25,9,663.0,6.87,0,0,0.0,0,,,3.0,1.0,,,1.0,205.0,78.54,2.0,,,110.0,33.0,6.0,84.0,40.0,9.0,6.0,1,0,0.0,0.0,0.0,0.0,,,0.41,0.14,0.14,0.27,,,14.93,11.4,1.22,0.81,0.14,0.0
1464121,224646,Gianfranco Baier,Güemes,Mediocampista,27,23,1798.0,6.87,1,2,3.0,0,,,19.0,6.0,,,7.0,785.0,76.69,6.0,,,227.0,48.0,6.0,169.0,140.0,14.0,32.0,5,0,0.0,0.05,0.1,0.15,,,0.95,0.3,0.35,0.3,,,11.36,8.46,0.7,1.6,0.25,0.0
1391295,43740,Mariano Santiago,Almirante Brown,Mediocampista,25,12,723.0,6.86,2,0,2.0,0,,,9.0,3.0,,,1.0,239.0,78.24,6.0,,,65.0,7.0,1.0,57.0,74.0,5.0,16.0,1,0,0.0,0.25,0.0,0.25,,,1.12,0.37,0.12,0.75,,,8.09,7.1,0.62,1.99,0.12,0.0
1125078,52215,Nicolás Vaquer,Defensores de Belgrano,Defensor,23,11,813.0,6.86,0,0,0.0,0,,,2.0,0.0,,,2.0,321.0,78.82,0.0,,,110.0,26.0,5.0,111.0,57.0,5.0,7.0,2,0,0.0,0.0,0.0,0.0,,,0.22,0.0,0.22,0.0,,,12.18,12.29,0.55,0.77,0.22,0.0
790190,23950,Rodrigo Ayala,San Martín de Tucumán,Defensor,32,19,1554.0,6.86,1,2,3.0,0,,,9.0,1.0,,,17.0,592.0,65.71,6.0,,,139.0,54.0,7.0,118.0,90.0,6.0,12.0,3,0,0.0,0.06,0.12,0.17,,,0.52,0.06,0.98,0.35,,,8.05,6.83,0.35,0.69,0.17,0.0
871833,112493,Nicolas Toloza,Colegiales,Delantero,27,25,1267.0,6.86,5,1,6.0,0,,,34.0,12.0,,,9.0,260.0,62.31,6.0,,,30.0,14.0,0.0,138.0,229.0,25.0,23.0,3,0,0.0,0.36,0.07,0.43,,,2.42,0.85,0.64,0.43,,,2.13,9.8,1.78,1.63,0.21,0.0
1020055,34976,Nicolás Ramos,Atlético de Rafaela,Defensor,27,16,1355.0,6.86,0,0,0.0,0,,,3.0,1.0,,,5.0,312.0,68.59,1.0,,,169.0,74.0,13.0,119.0,81.0,11.0,19.0,4,1,0.0,0.0,0.0,0.0,,,0.2,0.07,0.33,0.07,,,11.23,7.9,0.73,1.26,0.27,0.07
1388632,270344,Jesus Camaño,Ferrocarril Midland,Mediocampista,24,21,1407.0,6.86,1,1,2.0,0,,,10.0,3.0,,,7.0,609.0,75.86,6.0,,,205.0,32.0,2.0,166.0,141.0,21.0,26.0,3,0,0.0,0.06,0.06,0.13,,,0.64,0.19,0.45,0.38,,,13.11,10.62,1.34,1.66,0.19,0.0
1018456,273657,Raúl Chamorro,Racing de Córdoba,Defensor,27,23,1606.0,6.86,1,1,2.0,0,,,8.0,5.0,,,15.0,512.0,71.88,17.0,,,144.0,40.0,3.0,134.0,107.0,37.0,14.0,3,0,0.0,0.06,0.06,0.11,,,0.45,0.28,0.84,0.95,,,8.07,7.51,2.07,0.78,0.17,0.0
895351,36834,Franco Quiroz,All Boys,Defensor,28,13,1048.0,6.86,0,0,0.0,0,,,15.0,3.0,,,12.0,384.0,58.33,2.0,,,117.0,30.0,6.0,117.0,111.0,3.0,12.0,1,0,0.0,0.0,0.0,0.0,,,1.29,0.26,1.03,0.17,,,10.05,10.05,0.26,1.03,0.09,0.0
1087336,3200,Rodrigo Rámirez,Nueva Chicago,Mediocampista,26,14,871.0,6.86,0,0,0.0,0,,,5.0,0.0,,,0.0,469.0,83.37,0.0,,,165.0,28.0,8.0,108.0,100.0,5.0,20.0,3,0,0.0,0.0,0.0,0.0,,,0.52,0.0,0.0,0.0,,,17.05,11.16,0.52,2.07,0.31,0.0
2066036,340432,Federico Peralta,Ciudad de Bolivar,Defensor,24,19,1456.0,6.86,1,0,1.0,0,,,9.0,4.0,,,3.0,411.0,66.42,5.0,,,195.0,49.0,6.0,138.0,126.0,3.0,28.0,6,0,0.0,0.06,0.0,0.06,,,0.56,0.25,0.19,0.31,,,12.05,8.53,0.19,1.73,0.37,0.0
885010,255426,Sergio Quiroga,Central Norte de Salta,Mediocampista,32,6,349.0,6.86,0,1,1.0,0,,,3.0,0.0,,,3.0,99.0,70.71,2.0,,,26.0,3.0,0.0,26.0,26.0,10.0,3.0,1,0,0.0,0.0,0.26,0.26,,,0.77,0.0,0.77,0.52,,,6.7,6.7,2.58,0.77,0.26,0.0
896738,36834,Gustavo Turraca,All Boys,Mediocampista,30,25,1808.0,6.86,0,1,1.0,0,,,10.0,2.0,,,3.0,611.0,75.94,5.0,,,253.0,54.0,8.0,208.0,152.0,27.0,37.0,4,1,0.0,0.0,0.05,0.05,,,0.5,0.1,0.15,0.25,,,12.59,10.35,1.34,1.84,0.2,0.05
1597505,264945,Bruno Ignacio Nasta,San Miguel,Delantero,33,23,1623.0,6.86,6,2,8.0,2,,,58.0,23.0,,,8.0,238.0,71.01,10.0,,,27.0,14.0,1.0,99.0,206.0,12.0,26.0,7,1,0.0,0.33,0.11,0.44,,,3.22,1.28,0.44,0.55,,,1.5,5.49,0.67,1.44,0.39,0.06
859698,36834,Emiliano Purita,All Boys,Mediocampista,29,22,1388.0,6.86,1,1,2.0,0,,,18.0,7.0,,,17.0,481.0,67.36,14.0,,,103.0,20.0,1.0,132.0,164.0,30.0,29.0,5,2,0.0,0.06,0.06,0.13,,,1.17,0.45,1.1,0.91,,,6.68,8.56,1.95,1.88,0.32,0.13
1020531,93109,Franco Toloza,Deportivo Morón,Delantero,32,20,918.0,6.86,7,1,7.0,2,,,22.0,10.0,,,3.0,162.0,58.64,2.0,,,16.0,4.0,1.0,84.0,152.0,18.0,11.0,2,1,0.0,0.69,0.1,0.69,,,2.16,0.98,0.29,0.2,,,1.57,8.24,1.76,1.08,0.2,0.1
929459,264945,Damián Adín,San Miguel,Defensor,29,20,1404.0,6.86,0,1,1.0,0,,,10.0,1.0,,,12.0,573.0,71.9,11.0,,,182.0,57.0,8.0,153.0,99.0,8.0,20.0,4,1,0.0,0.0,0.06,0.06,,,0.64,0.06,0.77,0.71,,,11.67,9.81,0.51,1.28,0.26,0.06
1117060,222120,Juan Peinipil,Deportivo Madryn,Delantero,24,10,233.0,6.86,2,1,3.0,0,,,5.0,4.0,,,2.0,47.0,59.57,2.0,,,12.0,5.0,0.0,17.0,20.0,2.0,1.0,0,0,0.0,0.77,0.39,1.16,,,1.93,1.55,0.77,0.77,,,4.64,6.57,0.77,0.39,0.0,0.0
1016652,222126,Tiago Banega,Gimnasia y Tiro de Salta,Mediocampista,27,23,1215.0,6.86,1,0,1.0,0,,,10.0,3.0,,,4.0,599.0,74.96,11.0,,,189.0,27.0,6.0,161.0,128.0,18.0,39.0,6,0,0.0,0.07,0.0,0.07,,,0.74,0.22,0.3,0.81,,,14.0,11.93,1.33,2.89,0.44,0.0
1804283,112491,Tomás Rodríguez,Acassuso,Delantero,22,16,1297.0,6.86,2,0,2.0,0,,,17.0,5.0,,,9.0,255.0,66.27,20.0,,,61.0,19.0,2.0,183.0,258.0,29.0,17.0,4,0,0.0,0.14,0.0,0.14,,,1.18,0.35,0.62,1.39,,,4.23,12.7,2.01,1.18,0.28,0.0
849139,36834,Gabriel Ramirez,All Boys,Mediocampista,31,13,688.0,6.85,1,0,1.0,1,,,5.0,2.0,,,3.0,316.0,74.05,1.0,,,105.0,24.0,1.0,86.0,40.0,10.0,6.0,2,0,0.0,0.13,0.0,0.13,,,0.65,0.26,0.39,0.13,,,13.74,11.25,1.31,0.78,0.26,0.0
1210385,273657,Marcio Gomez Pereyra,Racing de Córdoba,Defensor,26,14,1111.0,6.85,0,1,1.0,0,,,6.0,1.0,,,3.0,328.0,78.05,0.0,,,142.0,55.0,10.0,106.0,71.0,6.0,15.0,4,0,0.0,0.0,0.08,0.08,,,0.49,0.08,0.24,0.0,,,11.5,8.59,0.49,1.22,0.32,0.0
1214748,112491,Bruno Dordoni,Acassuso,Defensor,27,15,1201.0,6.85,0,0,0.0,0,,,1.0,0.0,,,0.0,368.0,71.47,1.0,,,151.0,50.0,6.0,116.0,67.0,13.0,14.0,3,0,0.0,0.0,0.0,0.0,,,0.07,0.0,0.0,0.07,,,11.32,8.69,0.97,1.05,0.22,0.0
887428,7772,Mauro Osores,San Martín de San Juan,Defensor,29,20,1339.0,6.85,2,0,2.0,0,,,3.0,1.0,,,4.0,448.0,82.81,2.0,,,141.0,62.0,3.0,97.0,69.0,2.0,18.0,6,1,0.0,0.13,0.0,0.13,,,0.2,0.07,0.27,0.13,,,9.48,6.52,0.13,1.21,0.4,0.07
1958683,36841,Mateo Benegas,Club Ferro Carril Oeste,Delantero,20,24,1500.0,6.85,5,0,5.0,0,,,50.0,19.0,,,6.0,258.0,58.14,33.0,,,53.0,28.0,4.0,197.0,338.0,21.0,48.0,9,2,0.0,0.3,0.0,0.3,,,3.0,1.14,0.36,1.98,,,3.18,11.82,1.26,2.88,0.54,0.12
1117027,36834,Felipe Coronel,All Boys,Defensor,25,23,1457.0,6.85,0,0,0.0,0,,,1.0,0.0,,,7.0,471.0,67.3,1.0,,,157.0,65.0,9.0,120.0,69.0,7.0,14.0,3,0,0.0,0.0,0.0,0.0,,,0.06,0.0,0.43,0.06,,,9.7,7.41,0.43,0.86,0.19,0.0
979657,252726,Brian Nievas,Chaco For Ever,Mediocampista,28,25,1833.0,6.85,2,0,2.0,0,,,25.0,4.0,,,6.0,679.0,77.47,8.0,,,215.0,29.0,5.0,160.0,168.0,16.0,28.0,9,0,1.0,0.1,0.0,0.1,,,1.23,0.2,0.29,0.39,,,10.56,7.86,0.79,1.37,0.44,0.0
841958,3200,Emiliano Méndez,Nueva Chicago,Mediocampista,37,18,1411.0,6.85,1,1,2.0,0,,,13.0,2.0,,,5.0,701.0,80.74,9.0,,,154.0,50.0,8.0,134.0,124.0,14.0,24.0,7,0,0.0,0.06,0.06,0.13,,,0.83,0.13,0.32,0.57,,,9.82,8.55,0.89,1.53,0.45,0.0
1110288,43740,Agustín Dáttola,Almirante Brown,Defensor,27,3,186.0,6.85,0,0,0.0,0,,,0.0,0.0,,,0.0,35.0,80.0,0.0,,,26.0,5.0,0.0,20.0,12.0,2.0,6.0,2,0,0.0,0.0,0.0,0.0,,,0.0,0.0,0.0,0.0,,,12.58,9.68,0.97,2.9,0.97,0.0
1597454,112499,Santiago Gabriel Flores,Temperley,Defensor,25,8,560.0,6.85,0,0,0.0,0,,,0.0,0.0,,,1.0,204.0,76.96,0.0,,,71.0,21.0,2.0,61.0,34.0,2.0,9.0,1,0,0.0,0.0,0.0,0.0,,,0.0,0.0,0.16,0.0,,,11.41,9.8,0.32,1.45,0.16,0.0
1214761,270344,Nicolás Ezequiel Violini,Ferrocarril Midland,Mediocampista,26,24,2081.0,6.85,0,0,0.0,0,,,9.0,1.0,,,4.0,909.0,78.99,2.0,,,297.0,59.0,4.0,173.0,155.0,15.0,22.0,5,0,0.0,0.0,0.0,0.0,,,0.39,0.04,0.17,0.09,,,12.84,7.48,0.65,0.95,0.22,0.0
896937,52215,Leandro CiccolIini,Defensores de Belgrano,Mediocampista,31,23,946.0,6.85,2,0,2.0,1,,,17.0,5.0,,,13.0,368.0,72.55,38.0,,,52.0,1.0,3.0,123.0,143.0,21.0,13.0,1,0,0.0,0.19,0.0,0.19,,,1.62,0.48,1.24,3.62,,,4.95,11.7,2.0,1.24,0.1,0.0
1217999,213042,Tomas Silva,Deportivo Maipú,Mediocampista,25,22,921.0,6.85,5,1,6.0,0,,,23.0,10.0,,,10.0,257.0,78.6,20.0,,,39.0,4.0,0.0,93.0,132.0,11.0,12.0,1,0,0.0,0.49,0.1,0.59,,,2.25,0.98,0.98,1.95,,,3.81,9.09,1.07,1.17,0.1,0.0
1467092,6074,Mateo Mendoza,Godoy Cruz,Defensor,21,17,1256.0,6.85,0,0,0.0,0,,,7.0,2.0,,,3.0,723.0,81.74,5.0,,,192.0,43.0,3.0,175.0,114.0,28.0,19.0,6,0,1.0,0.0,0.0,0.0,,,0.5,0.14,0.21,0.36,,,13.76,12.54,2.01,1.36,0.43,0.0
789678,112499,Luciano Nieto,Temperley,Mediocampista,35,14,576.0,6.85,0,0,1.0,0,,,7.0,1.0,,,10.0,254.0,83.46,7.0,,,35.0,1.0,1.0,46.0,63.0,11.0,5.0,0,0,0.0,0.0,0.0,0.16,,,1.09,0.16,1.56,1.09,,,5.47,7.19,1.72,0.78,0.0,0.0
1128477,213042,Gastón Mansilla,Deportivo Maipú,Mediocampista,29,24,1819.0,6.85,1,1,2.0,0,,,12.0,3.0,,,5.0,731.0,78.39,8.0,,,195.0,77.0,4.0,133.0,90.0,8.0,17.0,0,0,0.0,0.05,0.05,0.1,,,0.59,0.15,0.25,0.4,,,9.65,6.58,0.4,0.84,0.0,0.0
158255,3200,Alan Ruiz,Nueva Chicago,Mediocampista,33,11,368.0,6.85,2,1,3.0,0,,,12.0,4.0,,,7.0,222.0,72.52,7.0,,,40.0,3.0,0.0,39.0,56.0,8.0,8.0,4,0,0.0,0.49,0.24,0.73,,,2.93,0.98,1.71,1.71,,,9.78,9.54,1.96,1.96,0.98,0.0
248105,34976,Lucas Albertengo,Atlético de Rafaela,Delantero,35,22,1501.0,6.85,2,0,2.0,0,,,19.0,11.0,,,15.0,365.0,72.33,21.0,,,51.0,17.0,0.0,175.0,261.0,39.0,20.0,0,0,0.0,0.12,0.0,0.12,,,1.14,0.66,0.9,1.26,,,3.06,10.49,2.34,1.2,0.0,0.0
2465620,213361,Lázaro Britez,San Telmo,Defensor,22,12,775.0,6.85,1,0,1.0,0,,,5.0,1.0,,,1.0,188.0,73.94,0.0,,,117.0,35.0,6.0,95.0,53.0,5.0,11.0,1,0,0.0,0.12,0.0,0.12,,,0.58,0.12,0.12,0.0,,,13.59,11.03,0.58,1.28,0.12,0.0
1482280,93513,Manuel Agustin Guillen,Tristán Suárez,Defensor,25,20,1481.0,6.85,0,0,0.0,0,,,5.0,3.0,,,4.0,605.0,66.78,3.0,,,186.0,77.0,11.0,146.0,124.0,9.0,31.0,1,1,0.0,0.0,0.0,0.0,,,0.3,0.18,0.24,0.18,,,11.3,8.87,0.55,1.88,0.06,0.06
882598,222120,Nicolás Ortíz,Deportivo Madryn,Defensor,31,21,1540.0,6.84,1,2,3.0,0,,,8.0,4.0,,,4.0,581.0,83.3,1.0,,,191.0,38.0,13.0,191.0,98.0,10.0,23.0,3,0,0.0,0.06,0.12,0.18,,,0.47,0.23,0.23,0.06,,,11.16,11.16,0.58,1.34,0.18,0.0
1464536,4938,Tiziano Dornell,Almagro,Delantero,21,11,423.0,6.84,1,0,1.0,0,,,7.0,3.0,,,4.0,68.0,63.24,8.0,,,14.0,4.0,3.0,44.0,74.0,9.0,13.0,3,0,0.0,0.21,0.0,0.21,,,1.49,0.64,0.85,1.7,,,2.98,9.36,1.91,2.77,0.64,0.0
321463,43741,Federico Bravo,Patronato,Mediocampista,32,19,1645.0,6.84,1,0,1.0,0,,,11.0,2.0,,,1.0,599.0,72.45,4.0,,,225.0,40.0,4.0,171.0,138.0,17.0,39.0,7,1,0.0,0.05,0.0,0.05,,,0.6,0.11,0.05,0.22,,,12.31,9.36,0.93,2.13,0.38,0.05
946161,36841,Lautaro Parisi,Club Ferro Carril Oeste,Mediocampista,32,25,1564.0,6.84,8,0,8.0,1,,,34.0,16.0,,,7.0,370.0,65.41,32.0,,,61.0,7.0,3.0,123.0,188.0,18.0,18.0,1,0,0.0,0.46,0.0,0.46,,,1.96,0.92,0.4,1.84,,,3.51,7.08,1.04,1.04,0.06,0.0
83700,252726,German Pacheco,Chaco For Ever,Delantero,35,26,1678.0,6.84,3,1,4.0,0,,,31.0,12.0,,,8.0,324.0,68.52,5.0,,,54.0,19.0,3.0,197.0,334.0,17.0,13.0,1,0,0.0,0.16,0.05,0.21,,,1.66,0.64,0.43,0.27,,,2.9,10.57,0.91,0.7,0.05,0.0
249357,52215,Diego Garcia,Defensores de Belgrano,Mediocampista,40,14,241.0,6.84,0,2,2.0,0,,,4.0,1.0,,,11.0,131.0,71.76,2.0,,,14.0,1.0,0.0,15.0,29.0,9.0,3.0,3,0,0.0,0.0,0.75,0.75,,,1.49,0.37,4.11,0.75,,,5.23,5.6,3.36,1.12,1.12,0.0
939949,36841,Juan Orellana,Club Ferro Carril Oeste,Defensor,29,7,490.0,6.84,0,0,0.0,0,,,2.0,0.0,,,0.0,182.0,76.92,1.0,,,53.0,19.0,3.0,41.0,30.0,4.0,4.0,0,0,0.0,0.0,0.0,0.0,,,0.37,0.0,0.0,0.18,,,9.73,7.53,0.73,0.73,0.0,0.0
978370,93107,Nicolás Campisi,Estudiantes de Buenos Aires,Portero,29,15,1350.0,6.84,0,0,0.0,0,,,0.0,0.0,,,0.0,199.0,86.43,0.0,,,44.0,3.0,0.0,6.0,2.0,2.0,0.0,1,0,0.0,0.0,0.0,0.0,,,0.0,0.0,0.0,0.0,,,2.93,0.4,0.13,0.0,0.07,0.0
340013,23950,Ezequiel Parnisiari,San Martín de Tucumán,Defensor,36,24,2153.0,6.84,0,0,0.0,0,,,6.0,2.0,,,4.0,803.0,82.81,1.0,,,268.0,80.0,4.0,193.0,125.0,7.0,27.0,5,1,0.0,0.0,0.0,0.0,,,0.25,0.08,0.17,0.04,,,11.2,8.07,0.29,1.13,0.21,0.04
1490990,213042,Luciano Arnijas,Deportivo Maipú,Defensor,23,12,1056.0,6.84,0,0,0.0,0,,,4.0,1.0,,,2.0,421.0,76.25,1.0,,,136.0,53.0,13.0,101.0,86.0,5.0,8.0,2,0,0.0,0.0,0.0,0.0,,,0.34,0.09,0.17,0.09,,,11.59,8.61,0.43,0.68,0.17,0.0
1017181,6074,Francisco Gerometta,Godoy Cruz,Defensor,27,16,1015.0,6.84,0,1,1.0,0,,,3.0,0.0,,,8.0,362.0,74.59,15.0,,,107.0,35.0,4.0,105.0,98.0,8.0,14.0,0,0,0.0,0.0,0.09,0.09,,,0.27,0.0,0.71,1.33,,,9.49,9.31,0.71,1.24,0.0,0.0
922459,252726,Alan Luque,Chaco For Ever,Defensor,27,26,2253.0,6.84,0,0,0.0,0,,,9.0,2.0,,,10.0,680.0,72.65,13.0,,,230.0,69.0,7.0,185.0,137.0,13.0,27.0,5,0,0.0,0.0,0.0,0.0,,,0.36,0.08,0.4,0.52,,,9.19,7.39,0.52,1.08,0.2,0.0
1180582,93513,Ángel Almada,Tristán Suárez,Mediocampista,25,13,650.0,6.84,2,1,3.0,0,,,13.0,7.0,,,5.0,143.0,70.63,6.0,,,41.0,10.0,0.0,53.0,111.0,17.0,14.0,3,0,0.0,0.28,0.14,0.42,,,1.8,0.97,0.69,0.83,,,5.68,7.34,2.35,1.94,0.42,0.0
795362,112499,Alejandro Melo,Temperley,Delantero,30,16,539.0,6.84,0,0,0.0,0,,,7.0,5.0,,,7.0,202.0,64.85,11.0,,,22.0,5.0,1.0,49.0,53.0,8.0,6.0,1,0,0.0,0.0,0.0,0.0,,,1.17,0.83,1.17,1.84,,,3.67,8.18,1.34,1.0,0.17,0.0
332777,222120,Lucas Diarte,Deportivo Madryn,Defensor,33,23,1936.0,6.84,0,0,1.0,0,,,9.0,3.0,,,8.0,707.0,69.31,13.0,,,195.0,44.0,3.0,152.0,122.0,29.0,12.0,5,1,0.0,0.0,0.0,0.05,,,0.42,0.14,0.37,0.6,,,9.07,7.07,1.35,0.56,0.23,0.05
874957,36841,Franco García,Club Ferro Carril Oeste,Delantero,28,17,678.0,6.84,5,0,3.0,0,,,21.0,8.0,,,4.0,106.0,56.6,10.0,,,23.0,5.0,0.0,76.0,120.0,9.0,4.0,1,0,0.0,0.66,0.0,0.4,,,2.79,1.06,0.53,1.33,,,3.05,10.09,1.19,0.53,0.13,0.0
1186494,270344,Elías Gabriel Torancio,Ferrocarril Midland,Delantero,29,8,363.0,6.84,0,0,0.0,0,,,10.0,5.0,,,5.0,110.0,75.45,3.0,,,16.0,3.0,0.0,37.0,45.0,6.0,4.0,0,0,0.0,0.0,0.0,0.0,,,2.48,1.24,1.24,0.74,,,3.97,9.17,1.49,0.99,0.0,0.0
951083,222120,Luis Silba,Deportivo Madryn,Delantero,36,24,1783.0,6.83,11,1,11.0,0,,,33.0,15.0,,,6.0,209.0,60.77,5.0,,,32.0,9.0,2.0,89.0,212.0,14.0,27.0,1,0,0.0,0.56,0.05,0.56,,,1.67,0.76,0.3,0.25,,,1.62,4.49,0.71,1.36,0.05,0.0
830656,255425,Brian Mieres,CA Mitre,Defensor,31,13,834.0,6.83,0,1,0.0,0,,,5.0,2.0,,,11.0,311.0,76.21,7.0,,,67.0,21.0,1.0,66.0,54.0,7.0,12.0,2,0,0.0,0.0,0.11,0.0,,,0.54,0.22,1.19,0.76,,,7.23,7.12,0.76,1.29,0.22,0.0
2287557,273657,Lautaro Avila,Racing de Córdoba,Mediocampista,19,9,608.0,6.83,0,0,0.0,0,,,0.0,0.0,,,1.0,178.0,74.16,1.0,,,66.0,41.0,0.0,67.0,28.0,5.0,5.0,2,0,0.0,0.0,0.0,0.0,,,0.0,0.0,0.15,0.15,,,9.77,9.92,0.74,0.74,0.3,0.0
1465711,23950,Guillermo Rodriguez,San Martín de Tucumán,Defensor,24,18,1251.0,6.83,0,0,0.0,0,,,5.0,1.0,,,1.0,488.0,80.74,3.0,,,142.0,21.0,3.0,110.0,59.0,17.0,10.0,1,0,0.0,0.0,0.0,0.0,,,0.36,0.07,0.07,0.22,,,10.22,7.91,1.22,0.72,0.07,0.0
1111886,3214,Milton Leyendeker,Club Atlético Chacarita Juniors,Defensor,28,20,1331.0,6.83,1,0,1.0,0,,,4.0,1.0,,,0.0,487.0,75.56,5.0,,,188.0,61.0,9.0,151.0,84.0,11.0,10.0,1,1,0.0,0.07,0.0,0.07,,,0.27,0.07,0.0,0.34,,,12.71,10.21,0.74,0.68,0.07,0.07
2484722,4938,Jeremías Bustos,Almagro,Mediocampista,23,15,612.0,6.83,1,2,3.0,0,,,10.0,3.0,,,6.0,165.0,67.88,23.0,,,49.0,9.0,0.0,82.0,101.0,17.0,14.0,5,0,0.0,0.15,0.29,0.44,,,1.47,0.44,0.88,3.38,,,7.21,12.06,2.5,2.06,0.74,0.0
834022,112493,Mauro Albertengo,Colegiales,Delantero,36,23,815.0,6.83,2,3,5.0,0,,,17.0,6.0,,,9.0,190.0,52.63,17.0,,,16.0,11.0,1.0,94.0,152.0,3.0,15.0,0,0,0.0,0.22,0.33,0.55,,,1.88,0.66,0.99,1.88,,,1.77,10.38,0.33,1.66,0.0,0.0
980926,255425,Agustín Ramírez,CA Mitre,Delantero,26,14,377.0,6.83,1,2,3.0,0,,,12.0,10.0,,,10.0,129.0,66.67,9.0,,,25.0,4.0,2.0,42.0,65.0,8.0,9.0,1,0,0.0,0.24,0.48,0.72,,,2.86,2.39,2.39,2.15,,,5.97,10.03,1.91,2.15,0.24,0.0
882841,112493,Gonzalo Baglivo,Colegiales,Mediocampista,30,7,192.0,6.83,0,0,0.0,0,,,4.0,1.0,,,3.0,89.0,88.76,0.0,,,27.0,3.0,1.0,24.0,19.0,3.0,3.0,0,0,0.0,0.0,0.0,0.0,,,1.88,0.47,1.41,0.0,,,12.66,11.25,1.41,1.41,0.0,0.0
1384649,340432,Tobías Fernandez,Ciudad de Bolivar,Defensor,25,7,401.0,6.83,0,0,0.0,0,,,1.0,1.0,,,2.0,149.0,67.11,1.0,,,57.0,30.0,1.0,52.0,38.0,4.0,10.0,0,0,0.0,0.0,0.0,0.0,,,0.22,0.22,0.45,0.22,,,12.79,11.67,0.9,2.24,0.0,0.0
1506776,52215,Patricio Moyano,Defensores de Belgrano,Mediocampista,23,25,1356.0,6.83,2,2,4.0,0,,,16.0,6.0,,,18.0,408.0,75.25,29.0,,,91.0,7.0,1.0,150.0,132.0,27.0,12.0,2,0,0.0,0.13,0.13,0.27,,,1.06,0.4,1.19,1.92,,,6.04,9.96,1.79,0.8,0.13,0.0
789378,112499,Fernando Brandan,Temperley,Mediocampista,36,23,766.0,6.83,6,1,6.0,0,,,12.0,6.0,,,7.0,227.0,67.4,10.0,,,43.0,7.0,0.0,64.0,85.0,21.0,18.0,7,0,0.0,0.7,0.12,0.7,,,1.41,0.7,0.82,1.17,,,5.05,7.52,2.47,2.11,0.82,0.0
973551,3200,Iván Antunes,Nueva Chicago,Defensor,28,21,1561.0,6.83,2,1,3.0,0,,,10.0,4.0,,,7.0,607.0,76.11,10.0,,,136.0,38.0,1.0,110.0,101.0,6.0,14.0,4,0,0.0,0.12,0.06,0.17,,,0.58,0.23,0.4,0.58,,,7.84,6.34,0.35,0.81,0.23,0.0
1104321,53799,Federico Bisanz,Atlanta,Mediocampista,25,12,441.0,6.83,2,0,2.0,0,,,9.0,5.0,,,4.0,140.0,67.14,7.0,,,25.0,3.0,0.0,42.0,39.0,11.0,8.0,2,0,0.0,0.41,0.0,0.41,,,1.84,1.02,0.82,1.43,,,5.1,8.57,2.24,1.63,0.41,0.0
1179176,4938,Nicolás Tolosa,Almagro,Defensor,25,14,719.0,6.83,1,0,1.0,0,,,7.0,4.0,,,2.0,205.0,67.32,5.0,,,66.0,9.0,1.0,56.0,63.0,14.0,8.0,1,0,0.0,0.13,0.0,0.13,,,0.88,0.5,0.25,0.63,,,8.26,7.01,1.75,1.0,0.13,0.0
2174953,4936,Joaquín Canadell,Quilmes Atlético Club,Portero,23,4,360.0,6.83,0,0,0.0,0,,,0.0,0.0,,,0.0,48.0,75.0,0.0,,,20.0,5.0,0.0,5.0,0.0,1.0,0.0,0,0,0.0,0.0,0.0,0.0,,,0.0,0.0,0.0,0.0,,,5.0,1.25,0.25,0.0,0.0,0.0
922452,252726,Andrés Lioi,Chaco For Ever,Mediocampista,29,18,896.0,6.82,0,1,1.0,0,,,10.0,1.0,,,9.0,284.0,79.23,12.0,,,54.0,4.0,3.0,88.0,70.0,17.0,7.0,0,0,0.0,0.0,0.1,0.1,,,1.0,0.1,0.9,1.21,,,5.42,8.84,1.71,0.7,0.0,0.0
1650473,213042,Tiago Ferreyra,Deportivo Maipú,Defensor,24,17,1060.0,6.82,0,0,0.0,0,,,1.0,0.0,,,2.0,485.0,80.82,1.0,,,141.0,55.0,8.0,86.0,65.0,15.0,18.0,5,2,0.0,0.0,0.0,0.0,,,0.08,0.0,0.17,0.08,,,11.97,7.3,1.27,1.53,0.42,0.17
946179,264945,Iván Ramírez,San Miguel,Mediocampista,36,23,1874.0,6.82,1,0,1.0,0,,,11.0,1.0,,,2.0,661.0,75.49,4.0,,,258.0,47.0,5.0,179.0,170.0,21.0,37.0,6,0,0.0,0.05,0.0,0.05,,,0.53,0.05,0.1,0.19,,,12.39,8.6,1.01,1.78,0.29,0.0
340453,265787,Santiago Gallucci,Agropecuario Argentino,Mediocampista,35,19,1407.0,6.82,0,0,0.0,0,,,4.0,0.0,,,5.0,623.0,81.86,7.0,,,181.0,39.0,5.0,105.0,85.0,12.0,19.0,3,1,0.0,0.0,0.0,0.0,,,0.26,0.0,0.32,0.45,,,11.58,6.72,0.77,1.22,0.19,0.06
1503697,93107,Ian Vera,Estudiantes de Buenos Aires,Delantero,21,16,494.0,6.82,3,1,4.0,2,,,18.0,9.0,,,2.0,121.0,71.07,10.0,,,18.0,5.0,0.0,41.0,65.0,13.0,3.0,1,0,0.0,0.55,0.18,0.73,,,3.28,1.64,0.36,1.82,,,3.28,7.47,2.37,0.55,0.18,0.0
949680,4938,Franco Bustamante,Almagro,Mediocampista,27,27,2044.0,6.82,2,1,3.0,0,,,21.0,7.0,,,9.0,553.0,74.5,72.0,,,119.0,9.0,1.0,234.0,272.0,36.0,18.0,1,0,0.0,0.09,0.04,0.13,,,0.92,0.31,0.4,3.17,,,5.24,10.3,1.59,0.79,0.04,0.0
249999,3200,Guillermo Ferracutti,Nueva Chicago,Defensor,35,15,1128.0,6.82,0,0,0.0,0,,,2.0,1.0,,,2.0,480.0,75.0,8.0,,,142.0,40.0,3.0,110.0,76.0,6.0,10.0,1,0,0.0,0.0,0.0,0.0,,,0.16,0.08,0.16,0.64,,,11.33,8.78,0.48,0.8,0.08,0.0
1863115,52215,Ián Ariel Pérez,Defensores de Belgrano,Defensor,27,15,860.0,6.82,0,0,0.0,0,,,9.0,5.0,,,6.0,438.0,74.2,1.0,,,119.0,24.0,1.0,85.0,49.0,7.0,12.0,4,0,0.0,0.0,0.0,0.0,,,0.94,0.52,0.63,0.1,,,12.45,8.9,0.73,1.26,0.42,0.0
989829,3207,Darío Sarmiento,Club Atletico Colón,Mediocampista,23,16,866.0,6.82,1,1,2.0,0,,,12.0,4.0,,,19.0,270.0,74.81,14.0,,,44.0,3.0,0.0,95.0,106.0,18.0,7.0,1,0,0.0,0.1,0.1,0.21,,,1.25,0.42,1.97,1.45,,,4.57,9.87,1.87,0.73,0.1,0.0
2468954,213361,Elias Federico Peralta,San Telmo,Delantero,23,11,443.0,6.82,0,0,0.0,0,,,17.0,3.0,,,5.0,87.0,59.77,23.0,,,29.0,2.0,1.0,77.0,109.0,23.0,15.0,5,1,0.0,0.0,0.0,0.0,,,3.45,0.61,1.02,4.67,,,5.89,15.64,4.67,3.05,1.02,0.2
1597466,112499,Facundo Nicolas Kruger,Temperley,Delantero,26,24,1168.0,6.82,3,3,5.0,0,,,31.0,12.0,,,2.0,223.0,65.02,2.0,,,53.0,14.0,1.0,119.0,162.0,12.0,14.0,6,0,0.0,0.23,0.23,0.39,,,2.39,0.92,0.15,0.15,,,4.08,9.17,0.92,1.08,0.46,0.0
1183703,112497,Matias Gonzalez,Los Andes,Delantero,27,23,1674.0,6.82,1,1,2.0,0,,,31.0,11.0,,,11.0,439.0,73.12,23.0,,,65.0,11.0,0.0,97.0,168.0,20.0,17.0,0,0,0.0,0.05,0.05,0.11,,,1.67,0.59,0.59,1.24,,,3.49,5.22,1.08,0.91,0.0,0.0
933174,255425,Juan Alessandroni,CA Mitre,Mediocampista,37,26,2222.0,6.82,0,0,0.0,0,,,4.0,1.0,,,5.0,939.0,81.36,1.0,,,282.0,50.0,7.0,196.0,136.0,27.0,24.0,0,0,0.0,0.0,0.0,0.0,,,0.16,0.04,0.2,0.04,,,11.42,7.94,1.09,0.97,0.0,0.0
2045783,273657,Matías Machado,Racing de Córdoba,Mediocampista,25,23,1577.0,6.81,0,1,1.0,0,,,36.0,7.0,,,15.0,547.0,72.03,9.0,,,146.0,30.0,1.0,156.0,183.0,30.0,28.0,0,1,0.0,0.0,0.06,0.06,,,2.05,0.4,0.86,0.51,,,8.33,8.9,1.71,1.6,0.0,0.06
1065961,6074,Felipe Cairus,Godoy Cruz,Mediocampista,26,8,316.0,6.81,0,0,0.0,0,,,6.0,1.0,,,2.0,101.0,75.25,2.0,,,33.0,9.0,2.0,35.0,29.0,9.0,10.0,0,0,0.0,0.0,0.0,0.0,,,1.71,0.28,0.57,0.57,,,9.4,9.97,2.56,2.85,0.0,0.0
1485368,265787,Facundo Sanchez,Agropecuario Argentino,Defensor,23,14,1140.0,6.81,0,0,0.0,0,,,5.0,2.0,,,2.0,477.0,77.15,1.0,,,176.0,42.0,11.0,98.0,78.0,9.0,8.0,1,0,0.0,0.0,0.0,0.0,,,0.39,0.16,0.16,0.08,,,13.89,7.74,0.71,0.63,0.08,0.0
897132,273657,Brian Olivera,Racing de Córdoba,Portero,32,23,1946.0,6.81,0,0,0.0,0,,,0.0,0.0,,,0.0,298.0,80.87,0.0,,,93.0,3.0,0.0,13.0,0.0,6.0,0.0,3,0,0.0,0.0,0.0,0.0,,,0.0,0.0,0.0,0.0,,,4.3,0.6,0.28,0.0,0.14,0.0
2045780,255426,Pedro Sanz,Central Norte de Salta,Defensor,26,23,1715.0,6.81,0,1,1.0,0,,,14.0,5.0,,,12.0,505.0,65.15,26.0,,,170.0,34.0,7.0,174.0,132.0,12.0,18.0,5,1,0.0,0.0,0.05,0.05,,,0.73,0.26,0.63,1.36,,,8.92,9.13,0.63,0.94,0.26,0.05
1111807,34976,Gabriel Fernandez,Atlético de Rafaela,Defensor,34,15,1283.0,6.81,0,0,0.0,0,,,5.0,1.0,,,2.0,330.0,79.39,0.0,,,149.0,46.0,11.0,109.0,65.0,1.0,10.0,3,0,0.0,0.0,0.0,0.0,,,0.35,0.07,0.14,0.0,,,10.45,7.65,0.07,0.7,0.21,0.0
1879573,93109,Emilio Lazza,Deportivo Morón,Defensor,32,20,1582.0,6.81,1,0,1.0,0,,,7.0,2.0,,,1.0,797.0,80.68,5.0,,,227.0,64.0,6.0,121.0,75.0,5.0,12.0,4,0,1.0,0.06,0.0,0.06,,,0.4,0.11,0.06,0.28,,,12.91,6.88,0.28,0.68,0.23,0.0
1020990,252726,Mathias Silvera,Chaco For Ever,Defensor,27,17,1379.0,6.81,0,0,0.0,0,,,2.0,0.0,,,2.0,526.0,74.14,3.0,,,226.0,49.0,5.0,174.0,86.0,16.0,14.0,3,1,0.0,0.0,0.0,0.0,,,0.13,0.0,0.13,0.2,,,14.75,11.36,1.04,0.91,0.2,0.07
1537840,43740,Santiago Gauna,Almirante Brown,Mediocampista,23,19,937.0,6.81,1,0,1.0,0,,,9.0,2.0,,,6.0,410.0,78.54,0.0,,,124.0,14.0,1.0,58.0,58.0,6.0,14.0,2,0,0.0,0.1,0.0,0.1,,,0.86,0.19,0.58,0.0,,,11.91,5.57,0.58,1.34,0.19,0.0
1094083,213042,Juan Pablo Gobetto,Deportivo Maipú,Mediocampista,30,24,2050.0,6.81,6,0,6.0,0,,,32.0,10.0,,,4.0,492.0,68.9,7.0,,,156.0,31.0,7.0,177.0,163.0,17.0,40.0,8,0,0.0,0.26,0.0,0.26,,,1.4,0.44,0.18,0.31,,,6.85,7.77,0.75,1.76,0.35,0.0
1131023,93107,Balthazar Bernardi,Estudiantes de Buenos Aires,Defensor,25,16,933.0,6.81,0,0,0.0,0,,,4.0,0.0,,,2.0,348.0,72.7,4.0,,,113.0,35.0,7.0,99.0,63.0,5.0,18.0,6,1,0.0,0.0,0.0,0.0,,,0.39,0.0,0.19,0.39,,,10.9,9.55,0.48,1.74,0.58,0.1
1092314,23950,Jorge Emanuel Juárez,San Martín de Tucumán,Mediocampista,30,19,833.0,6.81,0,1,1.0,0,,,8.0,3.0,,,12.0,307.0,68.73,13.0,,,67.0,10.0,1.0,69.0,83.0,23.0,19.0,7,1,0.0,0.0,0.11,0.11,,,0.86,0.32,1.3,1.4,,,7.24,7.45,2.48,2.05,0.76,0.11
2465617,3214,Francisco Facello,Club Atlético Chacarita Juniors,Defensor,23,17,1316.0,6.81,1,0,1.0,0,,,1.0,1.0,,,2.0,438.0,67.12,11.0,,,131.0,31.0,2.0,142.0,83.0,33.0,20.0,5,1,0.0,0.07,0.0,0.07,,,0.07,0.07,0.14,0.75,,,8.96,9.71,2.26,1.37,0.34,0.07
901022,255426,Maximiliano Ribero,Central Norte de Salta,Mediocampista,28,20,1468.0,6.81,2,0,2.0,0,,,11.0,3.0,,,8.0,614.0,73.94,1.0,,,201.0,16.0,1.0,122.0,124.0,15.0,25.0,5,1,0.0,0.12,0.0,0.12,,,0.67,0.18,0.49,0.06,,,12.32,7.48,0.92,1.53,0.31,0.06
1182423,222126,Juan Rocca,Gimnasia y Tiro de Salta,Mediocampista,26,19,923.0,6.81,0,2,2.0,0,,,17.0,5.0,,,13.0,322.0,65.53,24.0,,,54.0,6.0,0.0,80.0,90.0,8.0,11.0,2,0,0.0,0.0,0.2,0.2,,,1.66,0.49,1.27,2.34,,,5.27,7.8,0.78,1.07,0.2,0.0
1017184,36841,Gonzalo Castellani,Club Ferro Carril Oeste,Mediocampista,39,20,679.0,6.81,0,1,1.0,0,,,6.0,1.0,,,10.0,471.0,84.5,6.0,,,110.0,20.0,1.0,102.0,89.0,15.0,15.0,5,1,0.0,0.0,0.13,0.13,,,0.8,0.13,1.33,0.8,,,14.58,13.52,1.99,1.99,0.66,0.13
1125230,340432,Álex Díaz,Ciudad de Bolivar,Mediocampista,27,25,1658.0,6.8,2,1,3.0,0,,,28.0,6.0,,,11.0,597.0,69.51,30.0,,,153.0,25.0,3.0,199.0,173.0,13.0,19.0,4,0,0.0,0.11,0.05,0.16,,,1.52,0.33,0.6,1.63,,,8.31,10.8,0.71,1.03,0.22,0.0
1654222,265787,Diego Vásquez,Agropecuario Argentino,Mediocampista,25,9,247.0,6.8,2,0,2.0,1,,,8.0,5.0,,,3.0,113.0,72.57,3.0,,,17.0,1.0,0.0,19.0,39.0,0.0,3.0,1,0,0.0,0.73,0.0,0.73,,,2.91,1.82,1.09,1.09,,,6.19,6.92,0.0,1.09,0.36,0.0
583660,224646,Marcelo Benítez,Güemes,Defensor,35,23,1935.0,6.8,1,3,4.0,0,,,13.0,1.0,,,21.0,814.0,72.48,6.0,,,164.0,51.0,0.0,107.0,112.0,13.0,13.0,4,0,0.0,0.05,0.14,0.19,,,0.6,0.05,0.98,0.28,,,7.63,4.98,0.6,0.6,0.19,0.0
974678,93513,Nicolás Fernández,Tristán Suárez,Defensor,31,24,1843.0,6.8,1,2,3.0,0,,,7.0,2.0,,,12.0,529.0,61.25,7.0,,,121.0,62.0,3.0,111.0,96.0,16.0,13.0,3,0,0.0,0.05,0.1,0.15,,,0.34,0.1,0.59,0.34,,,5.91,5.42,0.78,0.63,0.15,0.0
1016644,112497,Brian Leizza,Los Andes,Defensor,26,10,596.0,6.8,0,1,1.0,0,,,2.0,0.0,,,1.0,250.0,81.2,0.0,,,73.0,28.0,2.0,34.0,26.0,2.0,1.0,1,0,0.0,0.0,0.15,0.15,,,0.3,0.0,0.15,0.0,,,11.02,5.13,0.3,0.15,0.15,0.0
830747,7772,Guillermo Acosta,San Martín de San Juan,Mediocampista,37,19,1092.0,6.8,0,1,1.0,0,,,9.0,1.0,,,15.0,430.0,79.07,7.0,,,92.0,8.0,0.0,66.0,69.0,10.0,16.0,1,0,0.0,0.0,0.08,0.08,,,0.74,0.08,1.24,0.58,,,7.58,5.44,0.82,1.32,0.08,0.0
1169583,36834,Claudio Campostrini,All Boys,Delantero,26,4,292.0,6.8,0,0,0.0,0,,,1.0,1.0,,,0.0,23.0,52.17,0.0,,,6.0,4.0,1.0,24.0,35.0,5.0,7.0,0,0,0.0,0.0,0.0,0.0,,,0.31,0.31,0.0,0.0,,,1.85,7.4,1.54,2.16,0.0,0.0
2167742,265787,Jarol  Heritier,Agropecuario Argentino,Delantero,22,6,181.0,6.8,0,0,0.0,0,,,6.0,2.0,,,3.0,53.0,77.36,10.0,,,5.0,1.0,0.0,22.0,36.0,6.0,3.0,1,0,0.0,0.0,0.0,0.0,,,2.98,0.99,1.49,4.97,,,2.49,10.94,2.98,1.49,0.5,0.0
1979971,4936,Agustín Ortega,Quilmes Atlético Club,Defensor,20,9,587.0,6.8,0,0,0.0,0,,,2.0,2.0,,,7.0,215.0,70.7,8.0,,,54.0,13.0,1.0,60.0,64.0,7.0,15.0,2,0,0.0,0.0,0.0,0.0,,,0.31,0.31,1.07,1.23,,,8.28,9.2,1.07,2.3,0.31,0.0
1065603,93109,Matías Benítez,Deportivo Morón,Delantero,25,10,273.0,6.8,0,0,0.0,0,,,5.0,2.0,,,4.0,80.0,71.25,12.0,,,14.0,2.0,1.0,34.0,27.0,4.0,4.0,0,0,0.0,0.0,0.0,0.0,,,1.65,0.66,1.32,3.96,,,4.62,11.21,1.32,1.32,0.0,0.0
868706,53799,Alejandro Gabriel Quintana,Atlanta,Delantero,34,25,2030.0,6.8,6,4,10.0,0,,,46.0,21.0,,,16.0,302.0,72.85,18.0,,,57.0,28.0,3.0,222.0,428.0,38.0,54.0,4,1,0.0,0.27,0.18,0.44,,,2.04,0.93,0.71,0.8,,,2.53,9.84,1.68,2.39,0.18,0.04
974689,112499,Geronimo Tomasetti,Temperley,Mediocampista,26,23,1095.0,6.8,0,0,0.0,0,,,11.0,2.0,,,9.0,456.0,80.48,2.0,,,112.0,16.0,3.0,113.0,92.0,14.0,16.0,4,0,0.0,0.0,0.0,0.0,,,0.9,0.16,0.74,0.16,,,9.21,9.29,1.15,1.32,0.33,0.0
1486752,36834,Thiago Calone,All Boys,Delantero,25,18,1227.0,6.79,2,0,2.0,0,,,25.0,9.0,,,9.0,206.0,71.36,22.0,,,64.0,8.0,2.0,129.0,193.0,25.0,20.0,1,1,0.0,0.15,0.0,0.15,,,1.83,0.66,0.66,1.61,,,4.69,9.46,1.83,1.47,0.07,0.07
249081,3214,Mauricio Cuero,Club Atlético Chacarita Juniors,Mediocampista,33,19,977.0,6.79,1,1,2.0,0,,,8.0,3.0,,,8.0,175.0,61.71,37.0,,,22.0,2.0,1.0,77.0,89.0,18.0,5.0,1,0,0.0,0.09,0.09,0.18,,,0.74,0.28,0.74,3.41,,,2.03,7.09,1.66,0.46,0.09,0.0
1199248,112497,Sergio Ortiz,Los Andes,Mediocampista,25,17,1260.0,6.79,2,0,2.0,0,,,8.0,5.0,,,3.0,446.0,73.09,12.0,,,180.0,23.0,3.0,186.0,174.0,17.0,42.0,4,0,0.0,0.14,0.0,0.14,,,0.57,0.36,0.21,0.86,,,12.86,13.29,1.21,3.0,0.29,0.0
1086331,213361,Elías Britez,San Telmo,Mediocampista,25,25,1984.0,6.79,0,1,1.0,0,,,17.0,2.0,,,9.0,666.0,80.48,14.0,,,213.0,29.0,2.0,149.0,164.0,23.0,30.0,5,0,0.0,0.0,0.05,0.05,,,0.77,0.09,0.41,0.64,,,9.66,6.76,1.04,1.36,0.23,0.0
1650465,6074,Misael Sosa,Godoy Cruz,Mediocampista,24,11,477.0,6.79,0,2,2.0,0,,,12.0,2.0,,,9.0,126.0,54.76,17.0,,,29.0,3.0,0.0,56.0,69.0,4.0,8.0,6,0,0.0,0.0,0.38,0.38,,,2.26,0.38,1.7,3.21,,,5.47,10.57,0.75,1.51,1.13,0.0
1104656,43740,Javier Ezequiel Martínez,Almirante Brown,Delantero,27,21,1118.0,6.79,3,1,4.0,0,,,27.0,14.0,,,5.0,205.0,58.54,9.0,,,29.0,7.0,2.0,107.0,154.0,27.0,17.0,0,0,0.0,0.24,0.08,0.32,,,2.17,1.13,0.4,0.72,,,2.33,8.61,2.17,1.37,0.0,0.0
1653803,264945,Lucio Pérez,San Miguel,Defensor,29,10,674.0,6.79,0,0,0.0,0,,,2.0,0.0,,,4.0,165.0,51.52,5.0,,,73.0,30.0,5.0,77.0,55.0,8.0,8.0,1,0,0.0,0.0,0.0,0.0,,,0.27,0.0,0.53,0.67,,,9.75,10.28,1.07,1.07,0.13,0.0
1411386,273657,Matias Sanchez,Racing de Córdoba,Defensor,27,18,1474.0,6.79,0,0,0.0,0,,,2.0,1.0,,,2.0,516.0,73.84,0.0,,,206.0,70.0,12.0,150.0,82.0,10.0,20.0,6,0,0.0,0.0,0.0,0.0,,,0.12,0.06,0.12,0.0,,,12.58,9.16,0.61,1.22,0.37,0.0
1109370,255426,Leonardo Felissia,Central Norte de Salta,Defensor,25,17,1116.0,6.79,0,0,0.0,0,,,5.0,2.0,,,3.0,354.0,70.9,1.0,,,134.0,57.0,6.0,114.0,65.0,9.0,12.0,3,0,0.0,0.0,0.0,0.0,,,0.4,0.16,0.24,0.08,,,10.81,9.19,0.73,0.97,0.24,0.0
1598435,43740,Luciano Pascual,Almirante Brown,Mediocampista,,16,946.0,6.79,1,0,1.0,0,,,17.0,3.0,,,7.0,232.0,68.97,19.0,,,44.0,8.0,0.0,96.0,135.0,30.0,12.0,2,0,0.0,0.1,0.0,0.1,,,1.62,0.29,0.67,1.81,,,4.19,9.13,2.85,1.14,0.19,0.0
2035712,264945,Fabrizio Almeida,San Miguel,Mediocampista,24,24,761.0,6.79,2,1,3.0,0,,,17.0,4.0,,,13.0,379.0,75.73,11.0,,,70.0,6.0,1.0,88.0,100.0,16.0,13.0,2,0,0.0,0.24,0.12,0.35,,,2.01,0.47,1.54,1.3,,,8.28,10.41,1.89,1.54,0.24,0.0
974659,3207,Facundo Castet,Club Atletico Colón,Defensor,27,15,1123.0,6.79,0,1,1.0,0,,,5.0,2.0,,,7.0,380.0,71.84,6.0,,,102.0,35.0,1.0,106.0,89.0,15.0,19.0,5,0,0.0,0.0,0.08,0.08,,,0.4,0.16,0.56,0.48,,,8.17,8.5,1.2,1.52,0.4,0.0
2116602,270344,Facundo Marín,Ferrocarril Midland,Delantero,25,7,468.0,6.79,0,0,0.0,0,,,13.0,5.0,,,3.0,146.0,63.7,9.0,,,31.0,4.0,0.0,42.0,63.0,11.0,11.0,2,0,0.0,0.0,0.0,0.0,,,2.5,0.96,0.58,1.73,,,5.96,8.08,2.12,2.12,0.38,0.0
1213804,52215,Diego Magallanes,Defensores de Belgrano,Defensor,29,15,1029.0,6.79,0,0,0.0,0,,,5.0,2.0,,,9.0,379.0,73.35,2.0,,,111.0,15.0,2.0,90.0,80.0,3.0,16.0,2,0,0.0,0.0,0.0,0.0,,,0.44,0.17,0.79,0.17,,,9.71,7.87,0.26,1.4,0.17,0.0
889493,222126,Gabriel Díaz,Gimnasia y Tiro de Salta,Defensor,36,13,955.0,6.78,0,0,0.0,0,,,6.0,1.0,,,5.0,375.0,78.93,1.0,,,97.0,44.0,6.0,63.0,40.0,3.0,11.0,3,1,0.0,0.0,0.0,0.0,,,0.57,0.09,0.47,0.09,,,9.14,5.94,0.28,1.04,0.28,0.09
875893,93107,Santiago Camacho,Estudiantes de Buenos Aires,Mediocampista,29,20,591.0,6.78,0,0,0.0,0,,,13.0,7.0,,,7.0,242.0,69.83,6.0,,,62.0,7.0,0.0,74.0,77.0,22.0,15.0,3,1,0.0,0.0,0.0,0.0,,,1.98,1.07,1.07,0.91,,,9.44,11.27,3.35,2.28,0.46,0.15
1491300,340432,Facundo Mucignat,Ciudad de Bolivar,Mediocampista,27,25,1117.0,6.78,3,1,4.0,0,,,8.0,3.0,,,8.0,303.0,55.78,18.0,,,64.0,26.0,4.0,96.0,111.0,6.0,11.0,3,0,0.0,0.24,0.08,0.32,,,0.64,0.24,0.64,1.45,,,5.16,7.74,0.48,0.89,0.24,0.0
859971,43741,Agustín Araujo,Patronato,Mediocampista,27,6,312.0,6.78,0,0,0.0,0,,,4.0,2.0,,,7.0,85.0,69.41,4.0,,,10.0,2.0,0.0,33.0,44.0,3.0,4.0,0,0,0.0,0.0,0.0,0.0,,,1.15,0.58,2.02,1.15,,,2.88,9.52,0.87,1.15,0.0,0.0
1092345,36841,Gino Olguin,Club Ferro Carril Oeste,Mediocampista,26,14,336.0,6.78,0,0,0.0,0,,,2.0,0.0,,,4.0,146.0,73.97,2.0,,,47.0,10.0,1.0,38.0,21.0,5.0,4.0,0,0,0.0,0.0,0.0,0.0,,,0.54,0.0,1.07,0.54,,,12.59,10.18,1.34,1.07,0.0,0.0
1131031,93513,Matías Olguín,Tristán Suárez,Defensor,25,19,1518.0,6.78,0,0,0.0,0,,,2.0,1.0,,,7.0,518.0,69.88,9.0,,,133.0,38.0,6.0,111.0,109.0,3.0,13.0,0,0,0.0,0.0,0.0,0.0,,,0.12,0.06,0.42,0.53,,,7.89,6.58,0.18,0.77,0.0,0.0
1845671,112499,Lucas Richarte,Temperley,Mediocampista,21,19,1077.0,6.78,0,0,0.0,0,,,12.0,1.0,,,6.0,453.0,84.99,8.0,,,103.0,20.0,2.0,95.0,87.0,11.0,12.0,1,0,0.0,0.0,0.0,0.0,,,1.0,0.08,0.5,0.67,,,8.61,7.94,0.92,1.0,0.08,0.0
2048159,112499,Marcos Echeverría,Temperley,Delantero,23,24,1358.0,6.78,3,0,3.0,1,,,25.0,11.0,,,10.0,270.0,62.96,10.0,,,50.0,11.0,1.0,143.0,294.0,32.0,27.0,9,0,0.0,0.2,0.0,0.2,,,1.66,0.73,0.66,0.66,,,3.31,9.48,2.12,1.79,0.6,0.0
1654083,224646,Franco Berges,Güemes,Mediocampista,25,11,448.0,6.78,1,0,1.0,0,,,9.0,4.0,,,7.0,218.0,76.15,1.0,,,43.0,7.0,0.0,28.0,28.0,4.0,3.0,2,0,0.0,0.2,0.0,0.2,,,1.81,0.8,1.41,0.2,,,8.64,5.62,0.8,0.6,0.4,0.0
2218842,93107,Tobias Salas,Estudiantes de Buenos Aires,Delantero,21,13,514.0,6.78,1,0,1.0,0,,,12.0,4.0,,,5.0,120.0,72.5,7.0,,,28.0,2.0,1.0,43.0,107.0,7.0,8.0,3,0,0.0,0.18,0.0,0.18,,,2.1,0.7,0.88,1.23,,,4.9,7.53,1.23,1.4,0.53,0.0
1650087,340432,Brian Quintana,Ciudad de Bolivar,Mediocampista,24,16,768.0,6.78,0,0,0.0,0,,,5.0,1.0,,,4.0,267.0,72.66,1.0,,,101.0,15.0,2.0,71.0,66.0,10.0,14.0,3,0,0.0,0.0,0.0,0.0,,,0.59,0.12,0.47,0.12,,,11.84,8.32,1.17,1.64,0.35,0.0
981460,34976,Nahuel Cainelli,Atlético de Rafaela,Mediocampista,32,21,1488.0,6.78,0,0,0.0,0,,,10.0,1.0,,,16.0,426.0,70.42,7.0,,,128.0,26.0,4.0,102.0,126.0,11.0,17.0,2,1,0.0,0.0,0.0,0.0,,,0.6,0.06,0.97,0.42,,,7.74,6.17,0.67,1.03,0.12,0.06
1182432,3207,Leandro Allende,Club Atletico Colón,Defensor,30,15,1038.0,6.78,0,2,2.0,0,,,11.0,3.0,,,12.0,396.0,66.16,8.0,,,108.0,27.0,1.0,85.0,82.0,2.0,23.0,6,0,0.0,0.0,0.17,0.17,,,0.95,0.26,1.04,0.69,,,9.36,7.37,0.17,1.99,0.52,0.0
1512557,213361,Jeronimo Porto,San Telmo,Delantero,25,25,1629.0,6.78,2,0,2.0,0,,,20.0,9.0,,,12.0,316.0,61.71,34.0,,,83.0,15.0,2.0,122.0,182.0,25.0,11.0,2,0,0.0,0.11,0.0,0.11,,,1.1,0.5,0.66,1.88,,,4.59,6.74,1.38,0.61,0.11,0.0
938560,43741,Hernán Rivero,Patronato,Delantero,33,18,675.0,6.78,2,1,3.0,0,,,12.0,6.0,,,5.0,80.0,66.25,0.0,,,16.0,6.0,2.0,68.0,92.0,4.0,10.0,1,0,0.0,0.27,0.13,0.4,,,1.6,0.8,0.67,0.0,,,2.13,9.07,0.53,1.33,0.13,0.0
1182427,7772,Julián Marchio,San Martín de San Juan,Defensor,25,10,504.0,6.78,0,0,0.0,0,,,4.0,0.0,,,2.0,224.0,85.71,2.0,,,75.0,24.0,2.0,46.0,33.0,4.0,4.0,2,1,0.0,0.0,0.0,0.0,,,0.71,0.0,0.36,0.36,,,13.39,8.21,0.71,0.71,0.36,0.18
1627966,264945,Jorge Ferrero,San Miguel,Mediocampista,34,27,1832.0,6.78,2,2,4.0,0,,,29.0,10.0,,,14.0,511.0,65.36,33.0,,,94.0,13.0,3.0,184.0,315.0,17.0,33.0,4,0,0.0,0.1,0.1,0.2,,,1.42,0.49,0.69,1.62,,,4.62,9.04,0.84,1.62,0.2,0.0
2051189,265787,Braian Aranda,Agropecuario Argentino,Mediocampista,22,17,1133.0,6.78,0,1,1.0,0,,,15.0,5.0,,,15.0,438.0,78.77,8.0,,,74.0,2.0,1.0,114.0,130.0,31.0,17.0,5,0,0.0,0.0,0.08,0.08,,,1.19,0.4,1.19,0.64,,,5.88,9.06,2.46,1.35,0.4,0.0
1087026,255426,Maximiliano Alvez,Central Norte de Salta,Mediocampista,22,12,388.0,6.78,1,0,1.0,0,,,8.0,3.0,,,8.0,102.0,68.63,10.0,,,26.0,4.0,0.0,50.0,60.0,5.0,7.0,0,0,0.0,0.23,0.0,0.23,,,1.86,0.7,1.86,2.32,,,6.03,11.6,1.16,1.62,0.0,0.0
1117031,43740,Gabriel Altamirano,Almirante Brown,Mediocampista,25,12,576.0,6.78,0,1,1.0,0,,,3.0,1.0,,,4.0,267.0,80.52,1.0,,,90.0,10.0,1.0,65.0,48.0,3.0,12.0,2,1,0.0,0.0,0.16,0.16,,,0.47,0.16,0.62,0.16,,,14.06,10.16,0.47,1.88,0.31,0.16
155700,93109,Gaspar Iñíguez,Deportivo Morón,Mediocampista,32,4,224.0,6.78,0,0,0.0,0,,,1.0,1.0,,,4.0,84.0,69.05,0.0,,,12.0,6.0,1.0,12.0,15.0,5.0,5.0,1,0,0.0,0.0,0.0,0.0,,,0.4,0.4,1.61,0.0,,,4.82,4.82,2.01,2.01,0.4,0.0
1537864,93109,Iván Vaquero,Deportivo Morón,Defensor,23,5,328.0,6.78,0,0,0.0,0,,,0.0,0.0,,,0.0,77.0,66.23,4.0,,,31.0,11.0,0.0,31.0,20.0,1.0,6.0,0,0,0.0,0.0,0.0,0.0,,,0.0,0.0,0.0,1.1,,,8.51,8.51,0.27,1.65,0.0,0.0
1183942,4936,Juan Yangali,Quilmes Atlético Club,Mediocampista,26,16,1076.0,6.78,0,0,0.0,0,,,2.0,0.0,,,5.0,500.0,82.0,6.0,,,149.0,10.0,6.0,101.0,98.0,15.0,22.0,3,0,0.0,0.0,0.0,0.0,,,0.17,0.0,0.42,0.5,,,12.46,8.45,1.25,1.84,0.25,0.0
2022743,255426,Matias Moravec,Central Norte de Salta,Mediocampista,25,24,1207.0,6.77,1,2,3.0,0,,,27.0,8.0,,,19.0,301.0,77.74,29.0,,,75.0,6.0,0.0,159.0,205.0,23.0,23.0,3,0,0.0,0.07,0.15,0.22,,,2.01,0.6,1.42,2.16,,,5.59,11.86,1.71,1.71,0.22,0.0
1390104,3207,Sebastian Olmedo,Club Atletico Colón,Defensor,25,12,678.0,6.77,0,0,0.0,0,,,3.0,1.0,,,1.0,405.0,85.68,1.0,,,93.0,25.0,5.0,71.0,46.0,6.0,6.0,0,0,0.0,0.0,0.0,0.0,,,0.4,0.13,0.13,0.13,,,12.35,9.42,0.8,0.8,0.0,0.0
814225,6074,Axel Rodriguez,Godoy Cruz,Delantero,29,21,920.0,6.77,5,1,5.0,0,,,29.0,12.0,,,3.0,173.0,64.16,2.0,,,20.0,11.0,0.0,67.0,129.0,18.0,30.0,3,0,0.0,0.49,0.1,0.49,,,2.84,1.17,0.29,0.2,,,1.96,6.55,1.76,2.93,0.29,0.0
333761,34976,Juan Capurro,Atlético de Rafaela,Mediocampista,32,18,1300.0,6.77,0,0,0.0,0,,,7.0,1.0,,,2.0,563.0,72.65,5.0,,,194.0,35.0,5.0,116.0,112.0,12.0,23.0,3,1,0.0,0.0,0.0,0.0,,,0.48,0.07,0.14,0.35,,,13.43,8.03,0.83,1.59,0.21,0.07
1214766,43741,Juan Pablo Barinaga,Patronato,Mediocampista,26,19,718.0,6.77,0,0,0.0,0,,,12.0,4.0,,,7.0,296.0,75.68,2.0,,,69.0,7.0,1.0,53.0,59.0,4.0,19.0,3,0,0.0,0.0,0.0,0.0,,,1.5,0.5,0.88,0.25,,,8.65,6.64,0.5,2.38,0.38,0.0
971201,7772,Federico Murillo,San Martín de San Juan,Defensor,29,22,1558.0,6.77,1,3,4.0,0,,,13.0,3.0,,,8.0,404.0,70.05,15.0,,,97.0,32.0,2.0,105.0,127.0,24.0,19.0,5,0,0.0,0.06,0.17,0.23,,,0.75,0.17,0.46,0.87,,,5.6,6.07,1.39,1.1,0.29,0.0
1393522,43740,Ramón González,Almirante Brown,Mediocampista,24,15,1017.0,6.77,1,0,1.0,0,,,22.0,6.0,,,11.0,267.0,63.67,15.0,,,63.0,7.0,3.0,108.0,165.0,15.0,15.0,5,0,0.0,0.09,0.0,0.09,,,1.95,0.53,0.97,1.33,,,5.58,9.56,1.33,1.33,0.44,0.0
929000,255426,Agustín Aleo,Central Norte de Salta,Defensor,28,14,740.0,6.77,0,1,1.0,0,,,4.0,0.0,,,7.0,212.0,62.74,2.0,,,87.0,27.0,3.0,68.0,44.0,4.0,12.0,1,0,0.0,0.0,0.12,0.12,,,0.49,0.0,0.85,0.24,,,10.58,8.27,0.49,1.46,0.12,0.0
1831678,273657,Fernando Ortiz,Racing de Córdoba,Mediocampista,28,9,277.0,6.77,0,0,0.0,0,,,3.0,0.0,,,2.0,112.0,83.93,10.0,,,23.0,3.0,0.0,42.0,44.0,11.0,4.0,0,0,0.0,0.0,0.0,0.0,,,0.97,0.0,0.65,3.25,,,7.47,13.65,3.57,1.3,0.0,0.0
941528,255425,Daniel Abello,CA Mitre,Defensor,32,17,1317.0,6.77,0,0,0.0,0,,,2.0,1.0,,,1.0,584.0,79.79,1.0,,,160.0,76.0,6.0,79.0,64.0,0.0,8.0,5,1,0.0,0.0,0.0,0.0,,,0.14,0.07,0.07,0.07,,,10.93,5.4,0.0,0.55,0.34,0.07
902452,93513,Alejandro Molina,Tristán Suárez,Mediocampista,29,21,1271.0,6.77,1,0,1.0,0,,,11.0,4.0,,,11.0,347.0,67.15,3.0,,,83.0,33.0,2.0,90.0,100.0,4.0,17.0,2,0,0.0,0.07,0.0,0.07,,,0.78,0.28,0.78,0.21,,,5.88,6.37,0.28,1.2,0.14,0.0
1501343,112493,Mateo Mamani,Colegiales,Delantero,24,10,377.0,6.77,0,0,0.0,0,,,12.0,3.0,,,8.0,108.0,61.11,7.0,,,19.0,2.0,3.0,39.0,75.0,3.0,8.0,0,0,0.0,0.0,0.0,0.0,,,2.86,0.72,1.91,1.67,,,4.54,9.31,0.72,1.91,0.0,0.0
928937,4938,Enzo Martinez,Almagro,Mediocampista,29,20,802.0,6.77,2,0,2.0,0,,,17.0,7.0,,,4.0,224.0,75.0,7.0,,,43.0,6.0,2.0,61.0,107.0,11.0,9.0,1,0,0.0,0.22,0.0,0.22,,,1.91,0.79,0.45,0.79,,,4.83,6.85,1.23,1.01,0.11,0.0
971199,93107,Rodrigo Melo,Estudiantes de Buenos Aires,Mediocampista,30,24,1968.0,6.77,0,0,0.0,0,,,10.0,3.0,,,6.0,871.0,80.71,3.0,,,214.0,18.0,7.0,128.0,124.0,14.0,29.0,8,0,0.0,0.0,0.0,0.0,,,0.46,0.14,0.27,0.14,,,9.79,5.85,0.64,1.33,0.37,0.0
1639945,112493,Elias Ocampo,Colegiales,Mediocampista,22,25,1516.0,6.77,1,1,2.0,0,,,20.0,6.0,,,18.0,434.0,62.67,20.0,,,108.0,19.0,1.0,157.0,215.0,13.0,28.0,3,0,0.0,0.06,0.06,0.12,,,1.19,0.36,1.07,1.19,,,6.41,9.32,0.77,1.66,0.18,0.0
1649338,43740,Tomás Almada,Almirante Brown,Mediocampista,24,24,1167.0,6.77,2,0,2.0,0,,,27.0,8.0,,,16.0,327.0,74.31,39.0,,,70.0,11.0,0.0,153.0,208.0,24.0,23.0,0,0,0.0,0.15,0.0,0.15,,,2.08,0.62,1.23,3.01,,,5.4,11.8,1.85,1.77,0.0,0.0
2460047,112499,Nicolás Molina,Temperley,Delantero,25,12,303.0,6.77,1,0,1.0,0,,,15.0,5.0,,,1.0,97.0,71.13,4.0,,,23.0,6.0,0.0,46.0,80.0,5.0,5.0,1,0,0.0,0.3,0.0,0.3,,,4.46,1.49,0.3,1.19,,,6.83,13.66,1.49,1.49,0.3,0.0
1022263,3200,Enzo Roldán,Nueva Chicago,Mediocampista,25,6,315.0,6.77,0,0,0.0,0,,,1.0,0.0,,,2.0,123.0,73.17,1.0,,,33.0,8.0,0.0,26.0,13.0,11.0,6.0,0,0,0.0,0.0,0.0,0.0,,,0.29,0.0,0.57,0.29,,,9.43,7.43,3.14,1.71,0.0,0.0
1831579,270344,Pedro Castorani,Ferrocarril Midland,Defensor,23,9,417.0,6.77,0,0,0.0,0,,,1.0,0.0,,,0.0,152.0,78.95,2.0,,,57.0,33.0,3.0,37.0,28.0,2.0,8.0,2,0,0.0,0.0,0.0,0.0,,,0.22,0.0,0.0,0.43,,,12.3,7.99,0.43,1.73,0.43,0.0
2461572,112499,Nicolás Ávalos,Temperley,Mediocampista,20,10,520.0,6.77,0,0,0.0,0,,,4.0,1.0,,,0.0,211.0,73.46,1.0,,,81.0,27.0,5.0,59.0,40.0,5.0,7.0,3,0,0.0,0.0,0.0,0.0,,,0.69,0.17,0.0,0.17,,,14.02,10.21,0.87,1.21,0.52,0.0
897094,6074,Matías Ramírez,Godoy Cruz,Mediocampista,27,13,465.0,6.77,0,0,0.0,0,,,19.0,3.0,,,5.0,151.0,59.6,19.0,,,28.0,0.0,1.0,53.0,65.0,5.0,6.0,2,0,0.0,0.0,0.0,0.0,,,3.68,0.58,0.97,3.68,,,5.42,10.26,0.97,1.16,0.39,0.0
288317,23950,Diego Diellos,San Martín de Tucumán,Delantero,32,21,1162.0,6.77,4,1,5.0,0,,,25.0,14.0,,,7.0,194.0,72.16,0.0,,,32.0,11.0,3.0,69.0,138.0,9.0,14.0,6,1,0.0,0.31,0.08,0.39,,,1.94,1.08,0.54,0.0,,,2.48,5.34,0.7,1.08,0.46,0.08
914144,7772,Facundo Nadalín,San Martín de San Juan,Defensor,29,18,1249.0,6.76,0,2,2.0,0,,,7.0,0.0,,,7.0,434.0,75.12,10.0,,,110.0,30.0,3.0,84.0,67.0,2.0,12.0,3,0,0.0,0.0,0.14,0.14,,,0.5,0.0,0.5,0.72,,,7.93,6.05,0.14,0.86,0.22,0.0
983526,23950,Benjamín Borasi,San Martín de Tucumán,Mediocampista,28,12,501.0,6.76,0,1,1.0,0,,,7.0,1.0,,,10.0,107.0,69.16,12.0,,,26.0,0.0,0.0,50.0,60.0,11.0,6.0,1,0,0.0,0.0,0.18,0.18,,,1.26,0.18,1.8,2.16,,,4.67,8.98,1.98,1.08,0.18,0.0
897147,265787,Matías Molina,Agropecuario Argentino,Defensor,33,9,473.0,6.76,0,0,0.0,0,,,2.0,0.0,,,2.0,159.0,81.13,1.0,,,56.0,18.0,5.0,44.0,27.0,4.0,4.0,1,0,0.0,0.0,0.0,0.0,,,0.38,0.0,0.38,0.19,,,10.66,8.37,0.76,0.76,0.19,0.0
981329,224646,Axel Pinto,Güemes,Delantero,25,10,231.0,6.76,0,0,0.0,0,,,2.0,0.0,,,5.0,69.0,62.32,11.0,,,16.0,2.0,0.0,27.0,24.0,6.0,0.0,0,0,0.0,0.0,0.0,0.0,,,0.78,0.0,1.95,4.29,,,6.23,10.52,2.34,0.0,0.0,0.0
1654124,23950,Laureano Rodríguez,San Martín de Tucumán,Mediocampista,23,19,1223.0,6.76,0,0,0.0,0,,,4.0,2.0,,,3.0,487.0,80.7,2.0,,,161.0,9.0,1.0,133.0,85.0,23.0,29.0,3,0,0.0,0.0,0.0,0.0,,,0.29,0.15,0.22,0.15,,,11.85,9.79,1.69,2.13,0.22,0.0
1523681,7772,Bruno Juncos,San Martín de San Juan,Mediocampista,24,14,591.0,6.76,0,1,1.0,0,,,21.0,8.0,,,3.0,157.0,75.16,17.0,,,32.0,2.0,0.0,62.0,105.0,6.0,14.0,1,0,0.0,0.0,0.15,0.15,,,3.2,1.22,0.46,2.59,,,4.87,9.44,0.91,2.13,0.15,0.0
1650462,340432,Maximiliano Gutiérrez,Ciudad de Bolivar,Mediocampista,29,23,1202.0,6.76,3,0,3.0,0,,,16.0,5.0,,,10.0,270.0,64.07,14.0,,,68.0,11.0,1.0,111.0,143.0,20.0,9.0,2,0,0.0,0.22,0.0,0.22,,,1.2,0.37,0.75,1.05,,,5.09,8.31,1.5,0.67,0.15,0.0
1001815,93109,Elias Contreras,Deportivo Morón,Defensor,29,24,1448.0,6.76,1,0,1.0,0,,,14.0,6.0,,,7.0,430.0,64.88,16.0,,,150.0,31.0,0.0,156.0,135.0,7.0,18.0,5,1,0.0,0.06,0.0,0.06,,,0.87,0.37,0.44,0.99,,,9.32,9.7,0.44,1.12,0.31,0.06
249301,34976,Juan Cavallaro,Atlético de Rafaela,Mediocampista,32,5,330.0,6.76,0,0,0.0,0,,,12.0,6.0,,,3.0,84.0,83.33,4.0,,,23.0,1.0,0.0,25.0,41.0,5.0,6.0,0,0,0.0,0.0,0.0,0.0,,,3.27,1.64,0.82,1.09,,,6.27,6.82,1.36,1.64,0.0,0.0
1003020,3214,Federico Losas,Club Atlético Chacarita Juniors,Portero,24,10,900.0,6.76,0,0,0.0,0,,,0.0,0.0,,,0.0,160.0,76.25,0.0,,,54.0,0.0,0.0,2.0,3.0,2.0,0.0,2,0,0.0,0.0,0.0,0.0,,,0.0,0.0,0.0,0.0,,,5.4,0.2,0.2,0.0,0.2,0.0
912789,43741,Renzo Reynaga,Patronato,Delantero,27,18,739.0,6.76,2,0,2.0,2,,,26.0,9.0,,,10.0,120.0,72.5,13.0,,,21.0,6.0,0.0,66.0,121.0,14.0,14.0,3,0,0.0,0.24,0.0,0.24,,,3.17,1.1,1.22,1.58,,,2.56,8.04,1.71,1.71,0.37,0.0
1092476,255425,Ignacio Pietrobono,CA Mitre,Portero,35,14,1260.0,6.76,0,0,0.0,0,,,0.0,0.0,,,0.0,175.0,81.14,1.0,,,54.0,1.0,0.0,5.0,0.0,3.0,0.0,1,0,0.0,0.0,0.0,0.0,,,0.0,0.0,0.0,0.07,,,3.86,0.36,0.21,0.0,0.07,0.0
1210387,93107,Martin Albarracin,Estudiantes de Buenos Aires,Defensor,26,22,1567.0,6.76,0,0,0.0,0,,,8.0,2.0,,,1.0,515.0,79.22,4.0,,,221.0,70.0,3.0,176.0,107.0,27.0,26.0,5,2,0.0,0.0,0.0,0.0,,,0.46,0.11,0.06,0.23,,,12.69,10.11,1.55,1.49,0.29,0.11
1018461,34976,Fernando Ponce,Atlético de Rafaela,Defensor,34,16,1305.0,6.76,0,0,0.0,0,,,6.0,1.0,,,2.0,422.0,70.14,14.0,,,210.0,64.0,8.0,202.0,131.0,23.0,25.0,5,2,0.0,0.0,0.0,0.0,,,0.41,0.07,0.14,0.97,,,14.48,13.93,1.59,1.72,0.34,0.14
1468116,53799,Gustavo Mendoza,Atlanta,Defensor,31,10,338.0,6.76,0,1,1.0,0,,,4.0,0.0,,,3.0,154.0,74.68,5.0,,,49.0,12.0,0.0,42.0,26.0,4.0,3.0,1,0,0.0,0.0,0.27,0.27,,,1.07,0.0,0.8,1.33,,,13.05,11.18,1.07,0.8,0.27,0.0
385424,222126,Gonzalo Manuel Soto,Gimnasia y Tiro de Salta,Defensor,36,18,1405.0,6.76,0,0,0.0,0,,,4.0,0.0,,,1.0,439.0,85.42,1.0,,,141.0,61.0,5.0,133.0,73.0,6.0,15.0,1,0,0.0,0.0,0.0,0.0,,,0.26,0.0,0.06,0.06,,,9.03,8.52,0.38,0.96,0.06,0.0
1398216,213042,Juan Cruz Giacone,Deportivo Maipú,Delantero,22,20,1049.0,6.76,3,2,5.0,0,,,24.0,12.0,,,7.0,182.0,75.82,2.0,,,40.0,8.0,0.0,86.0,173.0,9.0,25.0,1,0,0.0,0.26,0.17,0.43,,,2.06,1.03,0.6,0.17,,,3.43,7.38,0.77,2.14,0.09,0.0
1183525,5292,Octavio Bianchi,Gimnasia Y Esgrima De Jujuy,Delantero,30,24,778.0,6.75,6,2,8.0,0,,,18.0,13.0,,,3.0,106.0,50.94,4.0,,,14.0,12.0,0.0,82.0,118.0,12.0,17.0,2,0,0.0,0.69,0.23,0.93,,,2.08,1.5,0.35,0.46,,,1.62,9.49,1.39,1.97,0.23,0.0
914617,43740,Nazareno Bazán,Almirante Brown,Delantero,27,11,547.0,6.75,1,0,1.0,0,,,11.0,6.0,,,8.0,124.0,79.03,2.0,,,17.0,10.0,0.0,42.0,91.0,7.0,12.0,1,0,0.0,0.16,0.0,0.16,,,1.81,0.99,1.32,0.33,,,2.8,6.91,1.15,1.97,0.16,0.0
1196558,255425,Maximiliano Romero,CA Mitre,Mediocampista,31,13,740.0,6.75,1,0,1.0,0,,,6.0,4.0,,,3.0,266.0,83.83,1.0,,,67.0,8.0,3.0,45.0,47.0,7.0,1.0,0,0,1.0,0.12,0.0,0.12,,,0.73,0.49,0.36,0.12,,,8.15,5.47,0.85,0.12,0.0,0.0
80540,36834,Maximiliano Coronel,All Boys,Defensor,37,13,891.0,6.75,0,0,0.0,0,,,1.0,0.0,,,1.0,271.0,76.38,1.0,,,104.0,24.0,6.0,65.0,43.0,5.0,10.0,6,0,0.0,0.0,0.0,0.0,,,0.1,0.0,0.1,0.1,,,10.51,6.57,0.51,1.01,0.61,0.0
1897921,34976,Enzo Wuattier,Atlético de Rafaela,Defensor,21,24,2104.0,6.75,0,2,2.0,0,,,6.0,1.0,,,16.0,638.0,66.46,12.0,,,181.0,45.0,2.0,154.0,155.0,20.0,18.0,6,0,0.0,0.0,0.09,0.09,,,0.26,0.04,0.68,0.51,,,7.74,6.59,0.86,0.77,0.26,0.0
1214755,112491,Agustín Hermoso,Acassuso,Mediocampista,23,26,2066.0,6.75,4,2,6.0,1,,,40.0,14.0,,,13.0,533.0,60.41,28.0,,,107.0,16.0,3.0,142.0,206.0,37.0,16.0,4,0,0.0,0.17,0.09,0.26,,,1.74,0.61,0.57,1.22,,,4.66,6.19,1.61,0.7,0.17,0.0
801254,7772,Carlo Lattanzio,San Martín de San Juan,Mediocampista,29,13,524.0,6.75,0,2,2.0,0,,,9.0,2.0,,,11.0,189.0,83.07,11.0,,,17.0,2.0,0.0,43.0,63.0,10.0,14.0,3,0,0.0,0.0,0.34,0.34,,,1.55,0.34,1.89,1.89,,,2.92,7.39,1.72,2.4,0.52,0.0
1802479,273657,Luciano Viano,Racing de Córdoba,Mediocampista,23,24,1356.0,6.75,1,1,2.0,0,,,10.0,2.0,,,19.0,393.0,61.58,38.0,,,105.0,13.0,0.0,139.0,157.0,14.0,22.0,6,0,0.0,0.07,0.07,0.13,,,0.66,0.13,1.26,2.52,,,6.97,9.23,0.93,1.46,0.4,0.0
2465603,255425,Mateo Maldonado,CA Mitre,Mediocampista,21,20,1132.0,6.75,1,1,2.0,0,,,17.0,4.0,,,14.0,361.0,67.04,22.0,,,89.0,13.0,0.0,149.0,169.0,29.0,15.0,1,0,0.0,0.08,0.08,0.16,,,1.35,0.32,1.11,1.75,,,7.08,11.85,2.31,1.19,0.08,0.0
849040,222120,Gabriel Gudiño,Deportivo Madryn,Mediocampista,34,6,290.0,6.75,1,0,1.0,0,,,4.0,3.0,,,3.0,80.0,57.5,5.0,,,17.0,6.0,0.0,15.0,33.0,5.0,11.0,1,0,0.0,0.31,0.0,0.31,,,1.24,0.93,0.93,1.55,,,5.28,4.66,1.55,3.41,0.31,0.0
1804250,252726,Gonzalo Melgarejo,Chaco For Ever,Mediocampista,25,17,596.0,6.75,0,3,3.0,0,,,6.0,1.0,,,10.0,196.0,63.78,14.0,,,25.0,7.0,1.0,53.0,67.0,5.0,4.0,1,0,0.0,0.0,0.45,0.45,,,0.91,0.15,1.51,2.11,,,3.78,8.0,0.76,0.6,0.15,0.0
1957498,23950,Alan Cisneros,San Martín de Tucumán,Mediocampista,22,18,1014.0,6.75,0,1,1.0,0,,,12.0,5.0,,,10.0,239.0,69.87,18.0,,,43.0,2.0,0.0,89.0,160.0,18.0,7.0,0,0,0.0,0.0,0.09,0.09,,,1.07,0.44,0.89,1.6,,,3.82,7.9,1.6,0.62,0.0,0.0
1126750,53799,Agustín Morales,Atlanta,Mediocampista,27,6,258.0,6.75,0,0,0.0,0,,,3.0,0.0,,,5.0,47.0,59.57,5.0,,,13.0,2.0,0.0,18.0,24.0,4.0,2.0,2,0,0.0,0.0,0.0,0.0,,,1.05,0.0,1.74,1.74,,,4.53,6.28,1.4,0.7,0.7,0.0
1432630,112497,Matias Gomez,Los Andes,Mediocampista,22,8,353.0,6.75,0,0,0.0,0,,,10.0,3.0,,,4.0,137.0,74.45,2.0,,,34.0,3.0,1.0,33.0,48.0,4.0,2.0,0,0,0.0,0.0,0.0,0.0,,,2.55,0.76,1.02,0.51,,,8.67,8.41,1.02,0.51,0.0,0.0
249331,213042,Fausto Montero,Deportivo Maipú,Mediocampista,37,8,298.0,6.75,0,0,0.0,0,,,0.0,0.0,,,2.0,162.0,83.95,3.0,,,50.0,3.0,2.0,39.0,26.0,6.0,6.0,1,0,0.0,0.0,0.0,0.0,,,0.0,0.0,0.6,0.91,,,15.1,11.78,1.81,1.81,0.3,0.0
1469748,52215,Leonel Gigli,Defensores de Belgrano,Defensor,35,20,963.0,6.75,0,0,0.0,0,,,7.0,4.0,,,1.0,346.0,76.59,0.0,,,123.0,62.0,4.0,103.0,57.0,3.0,13.0,5,0,0.0,0.0,0.0,0.0,,,0.65,0.37,0.09,0.0,,,11.5,9.63,0.28,1.21,0.47,0.0
2044374,213361,Renzo Uriburu,San Telmo,Mediocampista,23,26,2054.0,6.75,0,1,1.0,0,,,29.0,8.0,,,12.0,774.0,74.55,13.0,,,198.0,24.0,6.0,148.0,221.0,15.0,32.0,7,0,0.0,0.0,0.04,0.04,,,1.27,0.35,0.53,0.57,,,8.68,6.48,0.66,1.4,0.31,0.0
1469419,52215,Ignacio Gutierrez,Defensores de Belgrano,Mediocampista,24,23,1440.0,6.75,0,0,0.0,0,,,7.0,0.0,,,9.0,444.0,79.05,8.0,,,174.0,23.0,4.0,158.0,129.0,24.0,25.0,4,0,0.0,0.0,0.0,0.0,,,0.44,0.0,0.56,0.5,,,10.88,9.88,1.5,1.56,0.25,0.0
1887080,93513,Maximiliano Álvarez,Tristán Suárez,Delantero,29,22,1319.0,6.75,6,1,7.0,1,,,28.0,10.0,,,12.0,149.0,63.09,5.0,,,25.0,7.0,0.0,64.0,171.0,16.0,11.0,4,0,0.0,0.41,0.07,0.48,,,1.91,0.68,0.82,0.34,,,1.71,4.37,1.09,0.75,0.27,0.0
842861,53799,Christian Bernardi,Atlanta,Mediocampista,36,19,863.0,6.75,1,0,1.0,0,,,11.0,3.0,,,11.0,304.0,81.25,17.0,,,57.0,4.0,4.0,79.0,96.0,17.0,12.0,2,0,0.0,0.1,0.0,0.1,,,1.15,0.31,1.15,1.77,,,5.94,8.24,1.77,1.25,0.21,0.0
897102,36841,Nicolás Gómez,Club Ferro Carril Oeste,Mediocampista,30,18,530.0,6.75,1,0,1.0,0,,,9.0,2.0,,,2.0,207.0,71.01,6.0,,,51.0,18.0,2.0,62.0,54.0,8.0,12.0,2,0,0.0,0.17,0.0,0.17,,,1.53,0.34,0.34,1.02,,,8.66,10.53,1.36,2.04,0.34,0.0
895207,34976,Matías Pardo,Atlético de Rafaela,Mediocampista,31,17,822.0,6.75,0,1,1.0,0,,,14.0,0.0,,,6.0,228.0,67.11,16.0,,,58.0,2.0,0.0,90.0,106.0,30.0,12.0,4,0,0.0,0.0,0.11,0.11,,,1.53,0.0,0.66,1.75,,,6.35,9.85,3.28,1.31,0.44,0.0
1192491,252726,Santiago Valenzuela,Chaco For Ever,Mediocampista,24,18,828.0,6.75,0,0,0.0,0,,,10.0,1.0,,,6.0,303.0,71.95,8.0,,,97.0,21.0,0.0,95.0,87.0,9.0,16.0,5,0,0.0,0.0,0.0,0.0,,,1.09,0.11,0.65,0.87,,,10.54,10.33,0.98,1.74,0.54,0.0
871814,224646,Tomás Oneto,Güemes,Defensor,28,12,804.0,6.75,0,0,0.0,0,,,1.0,0.0,,,0.0,335.0,79.7,0.0,,,87.0,45.0,5.0,58.0,26.0,3.0,3.0,1,0,0.0,0.0,0.0,0.0,,,0.11,0.0,0.0,0.0,,,9.74,6.49,0.34,0.34,0.11,0.0
1186583,4938,Tobias Macies,Almagro,Mediocampista,25,24,1669.0,6.75,0,0,0.0,0,,,9.0,4.0,,,11.0,789.0,84.16,13.0,,,183.0,11.0,3.0,185.0,195.0,26.0,32.0,5,0,0.0,0.0,0.0,0.0,,,0.49,0.22,0.59,0.7,,,9.87,9.98,1.4,1.73,0.27,0.0
1115981,3207,Agustin Toledo,Club Atletico Colón,Mediocampista,26,21,715.0,6.75,2,0,2.0,0,,,15.0,6.0,,,5.0,378.0,78.57,7.0,,,84.0,16.0,0.0,95.0,79.0,13.0,12.0,2,0,0.0,0.25,0.0,0.25,,,1.89,0.76,0.63,0.88,,,10.57,11.96,1.64,1.51,0.25,0.0
879625,3214,Alexis Domínguez,Club Atlético Chacarita Juniors,Delantero,29,27,1869.0,6.74,3,0,3.0,0,,,32.0,10.0,,,4.0,351.0,63.53,6.0,,,61.0,13.0,2.0,197.0,351.0,14.0,41.0,1,0,0.0,0.14,0.0,0.14,,,1.54,0.48,0.19,0.29,,,2.94,9.49,0.67,1.97,0.05,0.0
1514633,213361,Joel González,San Telmo,Delantero,24,9,336.0,6.74,2,0,2.0,0,,,11.0,3.0,,,5.0,73.0,65.75,8.0,,,19.0,0.0,0.0,51.0,86.0,2.0,5.0,0,0,0.0,0.54,0.0,0.54,,,2.95,0.8,1.34,2.14,,,5.09,13.66,0.54,1.34,0.0,0.0
1187969,340432,Agustín Paredes,Ciudad de Bolivar,Defensor,24,27,2381.0,6.74,0,2,2.0,0,,,7.0,2.0,,,9.0,615.0,70.57,15.0,,,224.0,77.0,4.0,249.0,215.0,39.0,29.0,5,0,0.0,0.0,0.08,0.08,,,0.26,0.08,0.34,0.57,,,8.47,9.41,1.47,1.1,0.19,0.0
2465570,43740,Milton Zanotti,Almirante Brown,Delantero,23,8,217.0,6.74,2,0,2.0,0,,,4.0,2.0,,,0.0,32.0,65.63,1.0,,,5.0,0.0,0.0,16.0,35.0,1.0,8.0,1,0,0.0,0.83,0.0,0.83,,,1.66,0.83,0.0,0.41,,,2.07,6.64,0.41,3.32,0.41,0.0
1187878,7772,Nicolás Iachetti,San Martín de San Juan,Mediocampista,26,14,434.0,6.74,1,1,2.0,0,,,8.0,6.0,,,1.0,130.0,61.54,18.0,,,25.0,3.0,0.0,39.0,53.0,5.0,6.0,2,0,0.0,0.21,0.21,0.41,,,1.66,1.24,0.21,3.73,,,5.18,8.09,1.04,1.24,0.41,0.0
1394198,43741,Joaquin Barolin,Patronato,Delantero,23,7,403.0,6.74,0,0,0.0,0,,,11.0,3.0,,,0.0,67.0,67.16,7.0,,,15.0,4.0,1.0,57.0,92.0,8.0,10.0,1,0,0.0,0.0,0.0,0.0,,,2.46,0.67,0.0,1.56,,,3.35,12.73,1.79,2.23,0.22,0.0
1170679,222120,Alejandro Gutiérrez,Deportivo Madryn,Defensor,31,12,647.0,6.74,0,1,1.0,0,,,3.0,0.0,,,1.0,232.0,72.41,0.0,,,76.0,45.0,3.0,48.0,44.0,5.0,5.0,2,0,0.0,0.0,0.14,0.14,,,0.42,0.0,0.14,0.0,,,10.57,6.68,0.7,0.7,0.28,0.0
1468849,112491,Ramiro Reynoso,Acassuso,Mediocampista,27,22,1177.0,6.74,5,0,5.0,0,,,22.0,13.0,,,10.0,352.0,69.89,10.0,,,69.0,11.0,1.0,93.0,129.0,17.0,18.0,1,0,0.0,0.38,0.0,0.38,,,1.68,0.99,0.76,0.76,,,5.28,7.11,1.3,1.38,0.08,0.0
2204554,255426,Agustín Bustinduy,Central Norte de Salta,Mediocampista,21,11,268.0,6.74,0,0,0.0,0,,,5.0,0.0,,,4.0,126.0,75.4,2.0,,,37.0,4.0,0.0,34.0,23.0,3.0,4.0,0,0,0.0,0.0,0.0,0.0,,,1.68,0.0,1.34,0.67,,,12.43,11.42,1.01,1.34,0.0,0.0
1403409,273657,Tomás Kummer,Racing de Córdoba,Defensor,21,22,1332.0,6.74,0,0,0.0,0,,,13.0,3.0,,,3.0,333.0,71.77,3.0,,,149.0,47.0,6.0,82.0,54.0,7.0,20.0,1,0,0.0,0.0,0.0,0.0,,,0.88,0.2,0.2,0.2,,,10.07,5.54,0.47,1.35,0.07,0.0
1906689,93109,Leonel Cardozo,Deportivo Morón,Defensor,22,19,1108.0,6.74,0,0,0.0,0,,,6.0,2.0,,,4.0,368.0,75.0,4.0,,,141.0,62.0,3.0,79.0,60.0,4.0,11.0,4,0,0.0,0.0,0.0,0.0,,,0.49,0.16,0.32,0.32,,,11.45,6.42,0.32,0.89,0.32,0.0
1835745,3214,Lorenzo Brun,Club Atlético Chacarita Juniors,Mediocampista,21,13,263.0,6.74,1,0,1.0,0,,,14.0,5.0,,,4.0,127.0,68.5,18.0,,,18.0,3.0,0.0,43.0,47.0,8.0,3.0,2,0,0.0,0.34,0.0,0.34,,,4.79,1.71,1.37,6.16,,,6.16,14.71,2.74,1.03,0.68,0.0
1182299,270344,Jeremias Perales,Ferrocarril Midland,Delantero,25,24,1354.0,6.74,2,1,3.0,0,,,29.0,15.0,,,7.0,234.0,70.51,5.0,,,43.0,6.0,0.0,100.0,194.0,23.0,23.0,1,0,0.0,0.13,0.07,0.2,,,1.93,1.0,0.47,0.33,,,2.86,6.65,1.53,1.53,0.07,0.0
1510913,43741,Augusto Picco,Patronato,Mediocampista,23,17,877.0,6.74,0,2,2.0,0,,,2.0,1.0,,,3.0,284.0,64.79,5.0,,,137.0,30.0,7.0,102.0,93.0,14.0,21.0,3,0,0.0,0.0,0.21,0.21,,,0.21,0.1,0.31,0.51,,,14.06,10.47,1.44,2.16,0.31,0.0
2468547,112493,Lucas Tomas Juarez,Colegiales,Delantero,20,17,358.0,6.74,0,1,1.0,0,,,5.0,1.0,,,8.0,96.0,59.38,21.0,,,21.0,2.0,0.0,48.0,62.0,2.0,7.0,2,0,0.0,0.0,0.25,0.25,,,1.26,0.25,2.01,5.28,,,5.28,12.07,0.5,1.76,0.5,0.0
257461,43741,Fernando Evangelista,Patronato,Defensor,34,8,519.0,6.74,0,0,0.0,0,,,2.0,0.0,,,1.0,161.0,65.84,5.0,,,70.0,25.0,0.0,59.0,36.0,3.0,6.0,1,0,0.0,0.0,0.0,0.0,,,0.35,0.0,0.17,0.87,,,12.14,10.23,0.52,1.04,0.17,0.0
1086941,3207,Conrado Ibarra,Club Atletico Colón,Defensor,22,13,433.0,6.74,1,0,1.0,0,,,2.0,1.0,,,5.0,168.0,69.64,7.0,,,21.0,4.0,1.0,29.0,30.0,5.0,6.0,0,0,0.0,0.21,0.0,0.21,,,0.42,0.21,1.04,1.45,,,4.36,6.03,1.04,1.25,0.0,0.0
1197976,222126,Matías Birge,Gimnasia y Tiro de Salta,Mediocampista,37,21,840.0,6.74,2,0,2.0,0,,,8.0,5.0,,,4.0,340.0,72.35,7.0,,,100.0,18.0,8.0,95.0,93.0,17.0,21.0,4,0,0.0,0.21,0.0,0.21,,,0.86,0.54,0.43,0.75,,,10.71,10.18,1.82,2.25,0.43,0.0
581732,112493,Enzo Trinidad,Colegiales,Mediocampista,29,20,1408.0,6.74,0,0,0.0,0,,,20.0,5.0,,,8.0,507.0,71.6,20.0,,,134.0,23.0,3.0,169.0,187.0,13.0,15.0,2,0,0.0,0.0,0.0,0.0,,,1.28,0.32,0.51,1.28,,,8.57,10.8,0.83,0.96,0.13,0.0
1597479,4938,Joel  Orlando,Almagro,Delantero,20,23,1278.0,6.73,5,0,4.0,0,,,23.0,14.0,,,6.0,164.0,68.29,9.0,,,34.0,6.0,2.0,107.0,225.0,22.0,30.0,4,0,0.0,0.35,0.0,0.28,,,1.62,0.99,0.42,0.63,,,2.39,7.54,1.55,2.11,0.28,0.0
981450,3214,Alvaro Cuello,Club Atlético Chacarita Juniors,Mediocampista,32,21,1616.0,6.73,1,3,4.0,0,,,16.0,4.0,,,12.0,522.0,72.22,8.0,,,136.0,13.0,2.0,168.0,179.0,17.0,31.0,8,0,1.0,0.06,0.17,0.22,,,0.89,0.22,0.67,0.45,,,7.57,9.36,0.95,1.73,0.45,0.0
1092607,213361,Matias Ledesma,San Telmo,Mediocampista,27,10,441.0,6.73,0,0,0.0,0,,,5.0,2.0,,,5.0,183.0,77.05,3.0,,,45.0,5.0,0.0,38.0,43.0,2.0,6.0,1,0,0.0,0.0,0.0,0.0,,,1.02,0.41,1.02,0.61,,,9.18,7.76,0.41,1.22,0.2,0.0
37937,3214,Juan Cuevas,Club Atlético Chacarita Juniors,Mediocampista,38,12,650.0,6.73,0,0,1.0,0,,,10.0,4.0,,,13.0,181.0,76.24,3.0,,,21.0,1.0,0.0,36.0,88.0,12.0,9.0,4,0,0.0,0.0,0.0,0.14,,,1.38,0.55,1.8,0.42,,,2.91,4.98,1.66,1.25,0.55,0.0
2509684,255425,Alan Lopez,CA Mitre,Mediocampista,,15,486.0,6.73,0,0,0.0,0,,,10.0,4.0,,,6.0,310.0,79.35,6.0,,,46.0,4.0,0.0,60.0,51.0,2.0,7.0,1,0,0.0,0.0,0.0,0.0,,,1.85,0.74,1.11,1.11,,,8.52,11.11,0.37,1.3,0.19,0.0
895355,5292,Maximiliano Casa,Gimnasia Y Esgrima De Jujuy,Mediocampista,33,20,713.0,6.73,2,1,3.0,0,,,21.0,7.0,,,11.0,150.0,51.33,15.0,,,23.0,3.0,0.0,40.0,77.0,4.0,5.0,1,0,0.0,0.25,0.13,0.38,,,2.65,0.88,1.39,1.89,,,2.9,5.05,0.5,0.63,0.13,0.0
1958562,5292,Martin Lazarte,Gimnasia Y Esgrima De Jujuy,Defensor,20,16,1148.0,6.73,1,3,4.0,0,,,10.0,3.0,,,5.0,276.0,75.0,10.0,,,104.0,24.0,3.0,104.0,99.0,20.0,17.0,3,0,0.0,0.08,0.24,0.31,,,0.78,0.24,0.39,0.78,,,8.15,8.15,1.57,1.33,0.24,0.0
1134870,224646,David Véliz,Güemes,Mediocampista,26,21,1398.0,6.73,0,3,3.0,0,,,24.0,3.0,,,10.0,498.0,79.52,32.0,,,76.0,8.0,0.0,144.0,169.0,14.0,11.0,0,0,0.0,0.0,0.19,0.19,,,1.55,0.19,0.64,2.06,,,4.89,9.27,0.9,0.71,0.0,0.0
1017173,43740,Tobías Zárate,Almirante Brown,Mediocampista,26,11,386.0,6.73,0,0,0.0,0,,,5.0,1.0,,,7.0,97.0,86.6,9.0,,,16.0,2.0,0.0,42.0,61.0,15.0,6.0,1,0,0.0,0.0,0.0,0.0,,,1.17,0.23,1.63,2.1,,,3.73,9.79,3.5,1.4,0.23,0.0
1388907,93513,Jonathan Berón,Tristán Suárez,Delantero,24,18,797.0,6.73,5,1,6.0,1,,,21.0,5.0,,,5.0,189.0,62.96,8.0,,,41.0,11.0,0.0,98.0,187.0,24.0,28.0,7,0,0.0,0.56,0.11,0.68,,,2.37,0.56,0.56,0.9,,,4.63,11.07,2.71,3.16,0.79,0.0
1106602,255426,Agustín Lamosa,Central Norte de Salta,Defensor,24,25,2222.0,6.73,1,0,1.0,0,,,10.0,4.0,,,4.0,558.0,68.82,10.0,,,193.0,63.0,10.0,205.0,158.0,12.0,27.0,3,0,0.0,0.04,0.0,0.04,,,0.41,0.16,0.16,0.41,,,7.82,8.3,0.49,1.09,0.12,0.0
955111,213361,Martin Leonel Batallini,San Telmo,Delantero,35,22,1346.0,6.73,4,1,5.0,1,,,25.0,13.0,,,6.0,204.0,67.65,8.0,,,43.0,11.0,1.0,113.0,264.0,29.0,39.0,4,1,0.0,0.27,0.07,0.33,,,1.67,0.87,0.4,0.53,,,2.88,7.56,1.94,2.61,0.27,0.07
249899,34976,Federico Jourdan,Atlético de Rafaela,Mediocampista,35,7,274.0,6.73,1,0,1.0,0,,,4.0,2.0,,,4.0,63.0,61.9,1.0,,,9.0,1.0,1.0,24.0,23.0,6.0,2.0,0,0,0.0,0.33,0.0,0.33,,,1.31,0.66,1.31,0.33,,,2.96,7.88,1.97,0.66,0.0,0.0
1021878,52215,Brian Gómez,Defensores de Belgrano,Mediocampista,32,21,1502.0,6.73,0,1,1.0,0,,,13.0,4.0,,,12.0,602.0,67.44,4.0,,,119.0,32.0,0.0,130.0,114.0,14.0,14.0,1,0,0.0,0.0,0.06,0.06,,,0.78,0.24,0.72,0.24,,,7.13,7.79,0.84,0.84,0.06,0.0
892444,3214,Miguel Mellado,Club Atlético Chacarita Juniors,Mediocampista,33,7,481.0,6.73,0,0,0.0,0,,,3.0,1.0,,,0.0,164.0,73.78,0.0,,,62.0,6.0,2.0,49.0,34.0,16.0,7.0,2,0,0.0,0.0,0.0,0.0,,,0.56,0.19,0.0,0.0,,,11.6,9.17,2.99,1.31,0.37,0.0
922443,222120,Agustín Sosa,Deportivo Madryn,Defensor,26,19,1531.0,6.73,1,0,1.0,0,,,8.0,2.0,,,6.0,440.0,67.5,7.0,,,177.0,39.0,6.0,198.0,140.0,27.0,23.0,2,0,0.0,0.06,0.0,0.06,,,0.47,0.12,0.35,0.41,,,10.4,11.64,1.59,1.35,0.12,0.0
246313,36834,Lucas Cano,All Boys,Delantero,31,19,813.0,6.73,0,1,1.0,0,,,8.0,2.0,,,8.0,221.0,71.95,7.0,,,24.0,7.0,1.0,66.0,108.0,10.0,10.0,2,0,0.0,0.0,0.11,0.11,,,0.89,0.22,0.89,0.77,,,2.66,7.31,1.11,1.11,0.22,0.0
1085228,34976,Gabriel Esparza,Atlético de Rafaela,Mediocampista,33,11,444.0,6.73,0,0,0.0,0,,,7.0,3.0,,,3.0,133.0,75.19,8.0,,,22.0,2.0,1.0,45.0,55.0,14.0,5.0,0,0,0.0,0.0,0.0,0.0,,,1.42,0.61,0.61,1.62,,,4.46,9.12,2.84,1.01,0.0,0.0
1119877,270344,Matías Flores,Ferrocarril Midland,Mediocampista,26,16,566.0,6.73,1,2,3.0,0,,,9.0,5.0,,,6.0,177.0,69.49,16.0,,,43.0,7.0,3.0,73.0,119.0,14.0,8.0,3,0,0.0,0.16,0.32,0.48,,,1.43,0.8,0.95,2.54,,,6.84,11.61,2.23,1.27,0.48,0.0
1627952,222126,Fabricio Rojas,Gimnasia y Tiro de Salta,Mediocampista,25,24,1998.0,6.73,1,2,3.0,0,,,37.0,11.0,,,17.0,419.0,64.92,38.0,,,92.0,9.0,0.0,219.0,332.0,46.0,40.0,6,0,0.0,0.05,0.09,0.14,,,1.67,0.5,0.77,1.71,,,4.14,9.86,2.07,1.8,0.27,0.0
981347,93109,Juan Cruz Esquivel,Deportivo Morón,Delantero,26,8,233.0,6.73,1,0,1.0,0,,,8.0,1.0,,,1.0,36.0,50.0,7.0,,,10.0,2.0,0.0,24.0,27.0,4.0,3.0,0,0,0.0,0.39,0.0,0.39,,,3.09,0.39,0.39,2.7,,,3.86,9.27,1.55,1.16,0.0,0.0
1086944,213361,Cristian Núñez,San Telmo,Mediocampista,26,5,229.0,6.73,0,1,1.0,0,,,0.0,0.0,,,3.0,48.0,70.83,2.0,,,10.0,7.0,0.0,15.0,25.0,7.0,4.0,2,0,0.0,0.0,0.39,0.39,,,0.0,0.0,1.18,0.79,,,3.93,5.9,2.75,1.57,0.79,0.0
830672,273657,Alejandro Rebola,Racing de Córdoba,Defensor,38,4,351.0,6.73,0,0,0.0,0,,,0.0,0.0,,,0.0,110.0,80.91,0.0,,,34.0,9.0,0.0,20.0,13.0,1.0,4.0,0,0,0.0,0.0,0.0,0.0,,,0.0,0.0,0.0,0.0,,,8.72,5.13,0.26,1.03,0.0,0.0
1903382,36841,Matías Zubowicz,Club Ferro Carril Oeste,Defensor,23,4,229.0,6.73,0,0,0.0,0,,,0.0,0.0,,,1.0,96.0,83.33,0.0,,,27.0,11.0,0.0,24.0,11.0,0.0,5.0,1,0,0.0,0.0,0.0,0.0,,,0.0,0.0,0.39,0.0,,,10.61,9.43,0.0,1.97,0.39,0.0
896864,270344,Mauro Frattini,Ferrocarril Midland,Mediocampista,36,9,235.0,6.72,0,0,0.0,0,,,5.0,2.0,,,4.0,147.0,83.67,4.0,,,17.0,1.0,0.0,28.0,31.0,7.0,5.0,1,0,0.0,0.0,0.0,0.0,,,1.91,0.77,1.53,1.53,,,6.51,10.72,2.68,1.91,0.38,0.0
895337,112493,Franco Malagueño,Colegiales,Defensor,27,24,2139.0,6.72,0,0,0.0,0,,,6.0,1.0,,,17.0,688.0,66.13,19.0,,,218.0,56.0,2.0,202.0,157.0,18.0,20.0,1,0,0.0,0.0,0.0,0.0,,,0.25,0.04,0.72,0.8,,,9.17,8.5,0.76,0.84,0.04,0.0
974638,340432,Brian Duarte,Ciudad de Bolivar,Mediocampista,27,10,461.0,6.72,2,0,2.0,0,,,7.0,4.0,,,1.0,86.0,63.95,8.0,,,23.0,2.0,1.0,60.0,88.0,26.0,14.0,1,0,0.0,0.39,0.0,0.39,,,1.37,0.78,0.2,1.56,,,4.49,11.71,5.08,2.73,0.2,0.0
1597481,3200,Matías Fernando Vera,Nueva Chicago,Defensor,28,10,577.0,6.72,1,0,1.0,0,,,3.0,2.0,,,8.0,186.0,60.75,16.0,,,37.0,13.0,0.0,53.0,43.0,3.0,6.0,1,0,0.0,0.16,0.0,0.16,,,0.47,0.31,1.25,2.5,,,5.77,8.27,0.47,0.94,0.16,0.0
2044350,112493,Facundo Montiel,Colegiales,Mediocampista,21,21,704.0,6.72,1,0,1.0,0,,,14.0,5.0,,,1.0,297.0,73.06,14.0,,,88.0,13.0,1.0,84.0,97.0,7.0,13.0,4,0,0.0,0.13,0.0,0.13,,,1.79,0.64,0.13,1.79,,,11.25,10.74,0.89,1.66,0.51,0.0
1104653,112497,Nazareno Fernández,Los Andes,Defensor,29,12,379.0,6.72,0,0,0.0,0,,,3.0,0.0,,,0.0,127.0,67.72,6.0,,,51.0,17.0,2.0,40.0,34.0,2.0,3.0,3,0,0.0,0.0,0.0,0.0,,,0.71,0.0,0.0,1.42,,,12.11,9.5,0.47,0.71,0.71,0.0
789358,273657,Jonathan Bay,Racing de Córdoba,Defensor,33,13,911.0,6.72,0,0,0.0,0,,,4.0,0.0,,,2.0,240.0,62.92,3.0,,,78.0,35.0,1.0,59.0,50.0,6.0,3.0,1,0,0.0,0.0,0.0,0.0,,,0.4,0.0,0.2,0.3,,,7.71,5.83,0.59,0.3,0.1,0.0
946165,23950,Álvaro Veliez,San Martín de Tucumán,Delantero,31,20,1035.0,6.72,2,1,3.0,0,,,19.0,9.0,,,5.0,193.0,62.18,19.0,,,34.0,10.0,2.0,82.0,153.0,15.0,17.0,2,0,0.0,0.17,0.09,0.26,,,1.65,0.78,0.43,1.65,,,2.96,7.13,1.3,1.48,0.17,0.0
971217,4938,Santiago Úbeda,Almagro,Mediocampista,30,7,413.0,6.72,0,0,0.0,0,,,0.0,0.0,,,0.0,121.0,76.86,2.0,,,46.0,7.0,1.0,32.0,23.0,8.0,4.0,1,0,0.0,0.0,0.0,0.0,,,0.0,0.0,0.0,0.44,,,10.02,6.97,1.74,0.87,0.22,0.0
896792,93109,Federico Díaz,Deportivo Morón,Portero,34,7,630.0,6.72,0,0,0.0,0,,,0.0,0.0,,,0.0,61.0,72.13,0.0,,,22.0,0.0,0.0,1.0,0.0,1.0,0.0,0,0,0.0,0.0,0.0,0.0,,,0.0,0.0,0.0,0.0,,,3.14,0.14,0.14,0.0,0.0,0.0
896911,112491,Kevin Dubini,Acassuso,Mediocampista,33,19,1294.0,6.72,0,1,1.0,0,,,8.0,1.0,,,9.0,382.0,72.77,8.0,,,120.0,23.0,7.0,93.0,108.0,10.0,20.0,7,0,0.0,0.0,0.07,0.07,,,0.56,0.07,0.63,0.56,,,8.35,6.47,0.7,1.39,0.49,0.0
1485386,3200,Mauro Pérez,Nueva Chicago,Delantero,23,13,759.0,6.72,3,0,3.0,0,,,11.0,7.0,,,6.0,130.0,66.92,5.0,,,29.0,9.0,3.0,71.0,95.0,3.0,18.0,0,0,0.0,0.36,0.0,0.36,,,1.3,0.83,0.71,0.59,,,3.44,8.42,0.36,2.13,0.0,0.0
849028,222126,Ivo Chaves,Gimnasia y Tiro de Salta,Defensor,33,7,530.0,6.71,0,0,0.0,0,,,3.0,2.0,,,6.0,174.0,75.29,4.0,,,55.0,12.0,0.0,54.0,32.0,7.0,6.0,1,0,0.0,0.0,0.0,0.0,,,0.51,0.34,1.02,0.68,,,9.34,9.17,1.19,1.02,0.17,0.0
1214751,112491,Lucas Pioli,Acassuso,Defensor,25,14,945.0,6.71,0,0,0.0,0,,,0.0,0.0,,,3.0,295.0,70.85,0.0,,,122.0,73.0,6.0,71.0,58.0,4.0,12.0,3,2,0.0,0.0,0.0,0.0,,,0.0,0.0,0.29,0.0,,,11.62,6.76,0.38,1.14,0.29,0.19
1381797,43741,Santiago Piccioni,Patronato,Defensor,26,15,922.0,6.71,0,0,0.0,0,,,1.0,0.0,,,0.0,257.0,66.93,3.0,,,101.0,30.0,8.0,94.0,67.0,14.0,17.0,6,1,0.0,0.0,0.0,0.0,,,0.1,0.0,0.0,0.29,,,9.86,9.18,1.37,1.66,0.59,0.1
1018402,112499,Franco Díaz,Temperley,Mediocampista,26,22,1264.0,6.71,0,5,5.0,0,,,14.0,4.0,,,11.0,647.0,76.82,18.0,,,148.0,19.0,1.0,140.0,168.0,29.0,37.0,9,0,0.0,0.0,0.36,0.36,,,1.0,0.28,0.78,1.28,,,10.54,9.97,2.06,2.63,0.64,0.0
940609,222126,Franco Sivetti,Gimnasia y Tiro de Salta,Mediocampista,28,24,1647.0,6.71,1,0,1.0,0,,,13.0,8.0,,,3.0,568.0,70.6,6.0,,,170.0,21.0,3.0,146.0,135.0,18.0,23.0,3,0,0.0,0.05,0.0,0.05,,,0.71,0.44,0.16,0.33,,,9.29,7.98,0.98,1.26,0.16,0.0
2169738,36834,Luciano Leguizamón,All Boys,Mediocampista,19,8,387.0,6.71,0,0,0.0,0,,,6.0,2.0,,,7.0,118.0,65.25,8.0,,,31.0,4.0,0.0,70.0,65.0,12.0,5.0,1,0,0.0,0.0,0.0,0.0,,,1.4,0.47,1.63,1.86,,,7.21,16.28,2.79,1.16,0.23,0.0
1182422,112491,Joel Ghirardello,Acassuso,Defensor,30,16,1297.0,6.71,0,0,0.0,0,,,5.0,2.0,,,0.0,368.0,69.57,4.0,,,188.0,64.0,6.0,172.0,96.0,16.0,21.0,2,0,0.0,0.0,0.0,0.0,,,0.35,0.14,0.0,0.28,,,13.05,11.94,1.11,1.46,0.14,0.0
1109292,255425,Rodrigo González,CA Mitre,Mediocampista,26,17,789.0,6.71,0,0,0.0,0,,,15.0,3.0,,,4.0,235.0,79.57,10.0,,,54.0,6.0,3.0,59.0,86.0,7.0,8.0,1,0,0.0,0.0,0.0,0.0,,,1.71,0.34,0.46,1.14,,,6.16,6.73,0.8,0.91,0.11,0.0
1111535,36834,Santiago Apa,All Boys,Delantero,26,25,1556.0,6.71,2,0,2.0,0,,,27.0,9.0,,,10.0,253.0,65.61,9.0,,,44.0,11.0,2.0,151.0,332.0,25.0,25.0,1,0,0.0,0.12,0.0,0.12,,,1.56,0.52,0.58,0.52,,,2.54,8.73,1.45,1.45,0.06,0.0
2465615,213361,Emanuel Díaz,San Telmo,Defensor,28,19,1323.0,6.71,1,0,1.0,0,,,4.0,1.0,,,1.0,368.0,70.38,0.0,,,155.0,69.0,9.0,122.0,67.0,3.0,6.0,1,1,0.0,0.07,0.0,0.07,,,0.27,0.07,0.07,0.0,,,10.54,8.3,0.2,0.41,0.07,0.07
1900664,93513,Kevin Colli,Tristán Suárez,Mediocampista,23,19,1026.0,6.71,2,1,3.0,0,,,16.0,8.0,,,16.0,161.0,70.81,17.0,,,45.0,5.0,0.0,81.0,143.0,11.0,16.0,5,0,0.0,0.18,0.09,0.26,,,1.4,0.7,1.4,1.49,,,3.95,7.11,0.96,1.4,0.44,0.0
1096230,6074,Nahuel Ulariaga,Godoy Cruz,Delantero,24,20,947.0,6.71,4,0,4.0,1,,,24.0,8.0,,,12.0,145.0,68.97,9.0,,,27.0,3.0,2.0,84.0,175.0,25.0,15.0,1,0,0.0,0.38,0.0,0.38,,,2.28,0.76,1.14,0.86,,,2.57,7.98,2.38,1.43,0.1,0.0
1182417,112497,Franco Tisera,Los Andes,Delantero,36,20,1096.0,6.71,2,1,3.0,0,,,15.0,7.0,,,7.0,215.0,80.93,9.0,,,30.0,9.0,1.0,109.0,254.0,16.0,27.0,2,1,0.0,0.16,0.08,0.25,,,1.23,0.57,0.57,0.74,,,2.46,8.95,1.31,2.22,0.16,0.08
1190304,36834,Ignacio Palacio,All Boys,Mediocampista,26,20,994.0,6.71,0,0,0.0,0,,,20.0,6.0,,,10.0,342.0,77.19,2.0,,,91.0,6.0,2.0,73.0,83.0,10.0,10.0,4,0,0.0,0.0,0.0,0.0,,,1.81,0.54,0.91,0.18,,,8.24,6.61,0.91,0.91,0.36,0.0
2053838,36834,Bruno Medina,All Boys,Delantero,27,11,667.0,6.71,2,0,2.0,0,,,22.0,10.0,,,4.0,86.0,61.63,4.0,,,16.0,2.0,0.0,79.0,149.0,14.0,8.0,2,0,0.0,0.27,0.0,0.27,,,2.97,1.35,0.54,0.54,,,2.16,10.66,1.89,1.08,0.27,0.0
1468729,52215,Gonzalo Gamarra,Defensores de Belgrano,Defensor,29,12,828.0,6.71,0,0,0.0,0,,,9.0,2.0,,,0.0,177.0,63.84,0.0,,,112.0,35.0,9.0,120.0,55.0,4.0,11.0,2,0,0.0,0.0,0.0,0.0,,,0.98,0.22,0.0,0.0,,,12.17,13.04,0.43,1.2,0.22,0.0
250345,112493,Emanuel Insua,Colegiales,Defensor,35,13,711.0,6.71,0,0,0.0,0,,,9.0,1.0,,,2.0,249.0,69.08,6.0,,,95.0,37.0,4.0,83.0,64.0,9.0,15.0,4,0,0.0,0.0,0.0,0.0,,,1.14,0.13,0.25,0.76,,,12.03,10.51,1.14,1.9,0.51,0.0
829754,222120,Diego Martinez,Deportivo Madryn,Defensor,34,16,815.0,6.71,1,1,2.0,0,,,5.0,1.0,,,4.0,281.0,71.17,6.0,,,79.0,23.0,0.0,64.0,45.0,3.0,8.0,1,0,0.0,0.11,0.11,0.22,,,0.55,0.11,0.44,0.66,,,8.72,7.07,0.33,0.88,0.11,0.0
1130221,93513,Agustin Gallo,Tristán Suárez,Delantero,27,17,879.0,6.71,0,0,0.0,0,,,16.0,5.0,,,11.0,151.0,55.63,5.0,,,22.0,13.0,0.0,117.0,182.0,13.0,29.0,5,0,0.0,0.0,0.0,0.0,,,1.64,0.51,1.13,0.51,,,2.25,11.98,1.33,2.97,0.51,0.0
1485722,112497,Camilo Viganoni,Los Andes,Delantero,22,19,813.0,6.71,1,0,1.0,0,,,19.0,4.0,,,7.0,158.0,68.99,17.0,,,34.0,5.0,2.0,89.0,164.0,10.0,14.0,1,0,0.0,0.11,0.0,0.11,,,2.1,0.44,0.77,1.88,,,3.76,9.85,1.11,1.55,0.11,0.0
249925,6074,Gastón Gil Romero,Godoy Cruz,Mediocampista,33,20,1667.0,6.71,0,0,0.0,0,,,4.0,1.0,,,3.0,718.0,85.79,5.0,,,190.0,25.0,6.0,168.0,153.0,21.0,42.0,11,1,0.0,0.0,0.0,0.0,,,0.22,0.05,0.16,0.27,,,10.26,9.07,1.13,2.27,0.59,0.05
913649,264945,Lucas Delgado,San Miguel,Delantero,31,25,1541.0,6.7,4,0,3.0,0,,,37.0,9.0,,,7.0,255.0,61.96,8.0,,,41.0,10.0,1.0,102.0,227.0,7.0,23.0,2,0,0.0,0.23,0.0,0.18,,,2.16,0.53,0.41,0.47,,,2.39,5.96,0.41,1.34,0.12,0.0
1537843,53799,Ignacio Rodríguez,Atlanta,Mediocampista,21,26,1454.0,6.7,4,3,7.0,0,,,42.0,13.0,,,14.0,320.0,66.25,19.0,,,91.0,9.0,2.0,141.0,225.0,20.0,31.0,3,1,0.0,0.25,0.19,0.43,,,2.6,0.8,0.87,1.18,,,5.63,8.73,1.24,1.92,0.19,0.06
789383,222120,Ezequiel Montagna,Deportivo Madryn,Mediocampista,32,12,686.0,6.7,2,1,3.0,0,,,5.0,3.0,,,4.0,157.0,73.89,8.0,,,38.0,1.0,0.0,55.0,74.0,7.0,7.0,1,0,0.0,0.26,0.13,0.39,,,0.66,0.39,0.52,1.05,,,4.99,7.22,0.92,0.92,0.13,0.0
192414,93109,Gastón González,Deportivo Morón,Mediocampista,38,18,413.0,6.7,2,1,2.0,0,,,10.0,4.0,,,7.0,167.0,80.24,2.0,,,32.0,4.0,1.0,39.0,41.0,6.0,4.0,1,0,0.0,0.44,0.22,0.44,,,2.18,0.87,1.53,0.44,,,6.97,8.5,1.31,0.87,0.22,0.0
988326,255426,Joaquín Mateo,Central Norte de Salta,Mediocampista,29,25,1038.0,6.7,1,1,2.0,0,,,23.0,6.0,,,10.0,263.0,69.58,20.0,,,49.0,4.0,0.0,84.0,146.0,13.0,9.0,0,0,0.0,0.09,0.09,0.17,,,1.99,0.52,0.87,1.73,,,4.25,7.28,1.13,0.78,0.0,0.0
989395,213042,Matías Viguet,Deportivo Maipú,Mediocampista,28,11,276.0,6.7,1,0,1.0,0,,,11.0,3.0,,,5.0,95.0,66.32,8.0,,,8.0,3.0,0.0,21.0,27.0,6.0,2.0,1,1,0.0,0.33,0.0,0.33,,,3.59,0.98,1.63,2.61,,,2.61,6.85,1.96,0.65,0.33,0.33
974670,4938,Pablo Palacio,Almagro,Mediocampista,26,17,951.0,6.7,0,2,2.0,0,,,12.0,3.0,,,9.0,329.0,71.43,8.0,,,82.0,11.0,2.0,85.0,89.0,7.0,14.0,5,0,0.0,0.0,0.19,0.19,,,1.14,0.28,0.85,0.76,,,7.76,8.04,0.66,1.32,0.47,0.0
1084971,264945,Lucas Brochero,San Miguel,Mediocampista,27,13,525.0,6.7,0,1,1.0,0,,,9.0,6.0,,,12.0,162.0,56.17,7.0,,,33.0,6.0,1.0,41.0,73.0,6.0,4.0,0,0,0.0,0.0,0.17,0.17,,,1.54,1.03,2.06,1.2,,,5.66,7.03,1.03,0.69,0.0,0.0
1512575,112491,Jonathan Raccio,Acassuso,Mediocampista,21,17,647.0,6.7,0,1,2.0,0,,,6.0,1.0,,,11.0,215.0,77.21,13.0,,,41.0,12.0,0.0,62.0,61.0,7.0,4.0,4,1,0.0,0.0,0.14,0.28,,,0.83,0.14,1.53,1.81,,,5.7,8.62,0.97,0.56,0.56,0.14
922438,112497,Javier Bustillos,Los Andes,Portero,29,2,180.0,6.7,0,0,0.0,0,,,0.0,0.0,,,0.0,28.0,92.86,0.0,,,14.0,1.0,0.0,3.0,1.0,0.0,0.0,0,0,0.0,0.0,0.0,0.0,,,0.0,0.0,0.0,0.0,,,7.0,1.5,0.0,0.0,0.0,0.0
2044356,3214,Gonzalo Dell Aquila,Club Atlético Chacarita Juniors,Defensor,25,4,249.0,6.7,0,0,0.0,0,,,1.0,0.0,,,2.0,121.0,69.42,3.0,,,32.0,6.0,0.0,33.0,31.0,3.0,2.0,1,0,0.0,0.0,0.0,0.0,,,0.36,0.0,0.72,1.08,,,11.57,11.93,1.08,0.72,0.36,0.0
1941314,6074,Juan Moran,Godoy Cruz,Defensor,20,16,1288.0,6.7,0,0,0.0,0,,,4.0,0.0,,,11.0,496.0,73.79,11.0,,,128.0,31.0,2.0,122.0,97.0,8.0,15.0,2,0,0.0,0.0,0.0,0.0,,,0.28,0.0,0.77,0.77,,,8.94,8.52,0.56,1.05,0.14,0.0
1835747,3214,Lucas Bustos,Club Atlético Chacarita Juniors,Mediocampista,21,16,394.0,6.7,0,0,0.0,0,,,12.0,3.0,,,6.0,229.0,75.55,3.0,,,43.0,2.0,0.0,34.0,48.0,7.0,12.0,2,0,0.0,0.0,0.0,0.0,,,2.74,0.69,1.37,0.69,,,9.82,7.77,1.6,2.74,0.46,0.0
1495204,265787,Federico Héctor Pérez,Agropecuario Argentino,Defensor,22,19,962.0,6.7,0,0,0.0,0,,,2.0,0.0,,,6.0,350.0,70.29,7.0,,,104.0,14.0,4.0,85.0,91.0,4.0,9.0,0,0,0.0,0.0,0.0,0.0,,,0.19,0.0,0.56,0.65,,,9.73,7.95,0.37,0.84,0.0,0.0
1199308,273657,Facundo Taborda,Racing de Córdoba,Mediocampista,25,14,653.0,6.69,0,1,1.0,0,,,10.0,2.0,,,9.0,150.0,72.67,10.0,,,42.0,7.0,0.0,57.0,67.0,12.0,15.0,4,0,0.0,0.0,0.14,0.14,,,1.38,0.28,1.24,1.38,,,5.79,7.86,1.65,2.07,0.55,0.0
864074,43741,Tomas Attis,Patronato,Delantero,26,12,440.0,6.69,1,0,1.0,0,,,7.0,2.0,,,3.0,74.0,74.32,2.0,,,20.0,1.0,0.0,40.0,70.0,4.0,10.0,0,0,0.0,0.2,0.0,0.2,,,1.43,0.41,0.61,0.41,,,4.09,8.18,0.82,2.05,0.0,0.0
897115,3207,Matías Muñoz,Club Atletico Colón,Mediocampista,30,20,1123.0,6.69,1,0,1.0,0,,,7.0,3.0,,,3.0,397.0,77.33,0.0,,,120.0,11.0,3.0,65.0,74.0,12.0,24.0,4,1,0.0,0.08,0.0,0.08,,,0.56,0.24,0.24,0.0,,,9.62,5.21,0.96,1.92,0.32,0.08
1103048,112497,Mario Galeano,Los Andes,Delantero,24,10,377.0,6.69,0,0,0.0,0,,,8.0,4.0,,,9.0,61.0,60.66,4.0,,,13.0,4.0,1.0,62.0,93.0,18.0,10.0,2,0,0.0,0.0,0.0,0.0,,,1.91,0.95,2.15,0.95,,,3.1,14.8,4.3,2.39,0.48,0.0
868363,4938,Gonzalo Asis,Almagro,Defensor,30,24,2093.0,6.69,0,1,1.0,0,,,5.0,4.0,,,8.0,680.0,61.62,13.0,,,188.0,61.0,3.0,141.0,158.0,18.0,28.0,1,0,0.0,0.0,0.04,0.04,,,0.22,0.17,0.34,0.56,,,8.08,6.06,0.77,1.2,0.04,0.0
895230,5292,Emiliano Endrizzi,Gimnasia Y Esgrima De Jujuy,Defensor,32,17,1191.0,6.69,0,0,0.0,0,,,4.0,2.0,,,4.0,404.0,74.01,9.0,,,89.0,36.0,5.0,72.0,57.0,6.0,1.0,0,0,0.0,0.0,0.0,0.0,,,0.3,0.15,0.3,0.68,,,6.73,5.44,0.45,0.08,0.0,0.0
1654394,224646,Milton Gerez,Güemes,Mediocampista,28,26,1794.0,6.68,1,1,2.0,0,,,14.0,4.0,,,14.0,516.0,66.67,39.0,,,104.0,5.0,0.0,158.0,218.0,5.0,18.0,3,0,0.0,0.05,0.05,0.1,,,0.7,0.2,0.7,1.96,,,5.22,7.93,0.25,0.9,0.15,0.0
988953,23950,Elías López,San Martín de Tucumán,Defensor,26,6,332.0,6.68,0,0,0.0,0,,,4.0,2.0,,,5.0,131.0,68.7,1.0,,,22.0,3.0,1.0,17.0,14.0,3.0,5.0,2,0,0.0,0.0,0.0,0.0,,,1.08,0.54,1.36,0.27,,,5.96,4.61,0.81,1.36,0.54,0.0
1865926,36834,Tiago Pucciarelli,All Boys,Delantero,20,7,343.0,6.68,0,0,0.0,0,,,7.0,3.0,,,3.0,58.0,60.34,14.0,,,14.0,1.0,0.0,40.0,63.0,5.0,12.0,0,0,0.0,0.0,0.0,0.0,,,1.84,0.79,0.79,3.67,,,3.67,10.5,1.31,3.15,0.0,0.0
2469214,6074,Rodrigo Fernandez,Godoy Cruz,Delantero,19,7,273.0,6.68,0,0,0.0,0,,,1.0,1.0,,,2.0,56.0,66.07,3.0,,,23.0,4.0,0.0,15.0,18.0,1.0,2.0,1,0,0.0,0.0,0.0,0.0,,,0.33,0.33,0.66,0.99,,,7.58,4.95,0.33,0.66,0.33,0.0
1598286,43741,Alejo Agustín Miró,Patronato,Mediocampista,21,22,1029.0,6.68,2,2,4.0,0,,,19.0,7.0,,,14.0,261.0,71.65,20.0,,,66.0,12.0,2.0,86.0,139.0,6.0,16.0,3,0,0.0,0.17,0.17,0.35,,,1.66,0.61,1.22,1.75,,,5.77,7.52,0.52,1.4,0.26,0.0
1087031,34976,Matías Morello,Atlético de Rafaela,Mediocampista,25,5,199.0,6.68,0,0,0.0,0,,,4.0,0.0,,,2.0,97.0,70.1,3.0,,,21.0,5.0,1.0,17.0,21.0,3.0,3.0,1,0,0.0,0.0,0.0,0.0,,,1.81,0.0,0.9,1.36,,,9.5,7.69,1.36,1.36,0.45,0.0
1482461,224646,Lucas Guiñazú,Güemes,Mediocampista,20,6,457.0,6.68,0,0,0.0,0,,,2.0,0.0,,,0.0,138.0,71.74,1.0,,,47.0,10.0,1.0,41.0,22.0,7.0,6.0,3,1,0.0,0.0,0.0,0.0,,,0.39,0.0,0.0,0.2,,,9.26,8.07,1.38,1.18,0.59,0.2
1131024,255426,Erik Bodencer,Central Norte de Salta,Delantero,26,6,262.0,6.68,0,0,0.0,0,,,9.0,3.0,,,1.0,41.0,85.37,3.0,,,11.0,0.0,2.0,20.0,48.0,2.0,8.0,1,0,0.0,0.0,0.0,0.0,,,3.09,1.03,0.34,1.03,,,3.78,6.87,0.69,2.75,0.34,0.0
2081749,340432,Axel Carrión,Ciudad de Bolivar,Defensor,22,7,319.0,6.68,0,0,0.0,0,,,2.0,2.0,,,0.0,95.0,81.05,0.0,,,28.0,19.0,0.0,29.0,22.0,3.0,3.0,0,0,0.0,0.0,0.0,0.0,,,0.56,0.56,0.0,0.0,,,7.9,8.18,0.85,0.85,0.0,0.0
790806,273657,Sergio Gonzalez,Racing de Córdoba,Delantero,31,21,1104.0,6.68,1,0,1.0,0,,,28.0,7.0,,,2.0,165.0,58.18,15.0,,,34.0,9.0,0.0,75.0,131.0,12.0,7.0,4,0,0.0,0.08,0.0,0.08,,,2.28,0.57,0.16,1.22,,,2.77,6.11,0.98,0.57,0.33,0.0
1486149,53799,Federico Álvarez,Atlanta,Mediocampista,25,23,1031.0,6.68,2,1,3.0,0,,,20.0,5.0,,,12.0,229.0,69.0,20.0,,,41.0,5.0,0.0,77.0,125.0,16.0,12.0,2,0,0.0,0.17,0.09,0.26,,,1.75,0.44,1.05,1.75,,,3.58,6.72,1.4,1.05,0.17,0.0
2153513,112493,Leonardo Hernán González,Colegiales,Mediocampista,25,22,1084.0,6.68,3,0,3.0,0,,,23.0,6.0,,,8.0,242.0,65.7,23.0,,,63.0,5.0,0.0,133.0,217.0,24.0,21.0,2,0,0.0,0.25,0.0,0.25,,,1.91,0.5,0.66,1.91,,,5.23,11.04,1.99,1.74,0.17,0.0
830706,7772,Maximiliano Velazco,San Martín de San Juan,Portero,31,4,360.0,6.68,0,0,0.0,0,,,0.0,0.0,,,0.0,106.0,73.58,1.0,,,16.0,4.0,0.0,2.0,0.0,1.0,0.0,0,0,0.0,0.0,0.0,0.0,,,0.0,0.0,0.0,0.25,,,4.0,0.5,0.25,0.0,0.0,0.0
2511098,112491,David Andres De Estefano,Acassuso,Mediocampista,26,16,1170.0,6.68,0,0,0.0,0,,,10.0,2.0,,,5.0,451.0,75.61,9.0,,,131.0,20.0,2.0,111.0,138.0,13.0,28.0,2,1,0.0,0.0,0.0,0.0,,,0.77,0.15,0.38,0.69,,,10.08,8.54,1.0,2.15,0.15,0.08
1393295,213042,Juan De la Reta,Deportivo Maipú,Defensor,21,26,2154.0,6.67,0,1,1.0,0,,,6.0,1.0,,,7.0,760.0,67.76,16.0,,,210.0,60.0,7.0,173.0,177.0,15.0,25.0,4,1,0.0,0.0,0.04,0.04,,,0.25,0.04,0.29,0.67,,,8.77,7.23,0.63,1.04,0.17,0.04
2044376,112491,Santiago Borges,Acassuso,Defensor,23,7,250.0,6.67,0,0,0.0,0,,,0.0,0.0,,,1.0,70.0,54.29,2.0,,,36.0,10.0,1.0,39.0,16.0,2.0,3.0,1,0,0.0,0.0,0.0,0.0,,,0.0,0.0,0.36,0.72,,,12.96,14.04,0.72,1.08,0.36,0.0
1086937,3214,Brian Calderara,Club Atlético Chacarita Juniors,Defensor,27,20,1091.0,6.67,0,2,2.0,0,,,13.0,2.0,,,9.0,239.0,66.95,15.0,,,82.0,22.0,3.0,123.0,108.0,24.0,11.0,5,0,0.0,0.0,0.16,0.16,,,1.07,0.16,0.74,1.24,,,6.76,10.15,1.98,0.91,0.41,0.0
971173,222120,Camilo Machado,Deportivo Madryn,Mediocampista,27,17,662.0,6.67,1,0,1.0,0,,,3.0,1.0,,,7.0,167.0,71.86,7.0,,,41.0,13.0,1.0,51.0,71.0,13.0,4.0,0,0,0.0,0.14,0.0,0.14,,,0.41,0.14,0.95,0.95,,,5.57,6.93,1.77,0.54,0.0,0.0
1108120,255425,Enzo Avaro,CA Mitre,Mediocampista,27,19,1228.0,6.67,0,3,3.0,0,,,19.0,6.0,,,16.0,351.0,63.82,13.0,,,71.0,16.0,0.0,114.0,172.0,9.0,21.0,4,0,0.0,0.0,0.22,0.22,,,1.39,0.44,1.17,0.95,,,5.2,8.36,0.66,1.54,0.29,0.0
974662,224646,Facundo Melillan,Güemes,Defensor,29,13,960.0,6.67,0,1,0.0,0,,,0.0,0.0,,,1.0,349.0,74.79,0.0,,,133.0,54.0,7.0,95.0,56.0,3.0,14.0,7,1,0.0,0.0,0.09,0.0,,,0.0,0.0,0.09,0.0,,,12.47,8.91,0.28,1.31,0.66,0.09
909478,23950,Nahuel Gallardo,San Martín de Tucumán,Defensor,28,6,390.0,6.67,0,0,0.0,0,,,0.0,0.0,,,1.0,91.0,70.33,2.0,,,13.0,7.0,0.0,23.0,22.0,2.0,1.0,0,0,0.0,0.0,0.0,0.0,,,0.0,0.0,0.23,0.46,,,3.0,5.31,0.46,0.23,0.0,0.0
1113642,213042,Lisandro Cabrera,Deportivo Maipú,Delantero,28,22,828.0,6.66,2,1,3.0,0,,,18.0,5.0,,,5.0,177.0,67.8,1.0,,,38.0,10.0,1.0,85.0,139.0,13.0,14.0,3,0,0.0,0.22,0.11,0.33,,,1.96,0.54,0.54,0.11,,,4.13,9.24,1.41,1.52,0.33,0.0
1803974,255425,Martín Vázquez,CA Mitre,Mediocampista,23,20,1312.0,6.66,1,0,1.0,0,,,8.0,2.0,,,5.0,383.0,75.72,7.0,,,127.0,28.0,8.0,131.0,98.0,17.0,17.0,8,0,0.0,0.07,0.0,0.07,,,0.55,0.14,0.34,0.48,,,8.71,8.99,1.17,1.17,0.55,0.0
1471231,23950,Milton Ríos,San Martín de Tucumán,Mediocampista,22,5,210.0,6.66,0,0,0.0,0,,,1.0,0.0,,,0.0,102.0,78.43,2.0,,,35.0,9.0,0.0,30.0,17.0,5.0,4.0,2,0,0.0,0.0,0.0,0.0,,,0.43,0.0,0.0,0.86,,,15.0,12.86,2.14,1.71,0.86,0.0
1131032,43741,Nahuel Genez,Patronato,Defensor,23,11,559.0,6.66,0,0,0.0,0,,,3.0,0.0,,,3.0,160.0,65.0,5.0,,,42.0,21.0,1.0,46.0,41.0,3.0,6.0,1,0,0.0,0.0,0.0,0.0,,,0.48,0.0,0.48,0.81,,,6.76,7.41,0.48,0.97,0.16,0.0
1103932,265787,Antonio Napolitano,Agropecuario Argentino,Mediocampista,27,11,396.0,6.66,0,0,0.0,0,,,7.0,3.0,,,4.0,173.0,76.3,14.0,,,43.0,1.0,2.0,62.0,73.0,12.0,12.0,2,0,0.0,0.0,0.0,0.0,,,1.59,0.68,0.91,3.18,,,9.77,14.09,2.73,2.73,0.45,0.0
1119881,5292,Federico Paradela,Gimnasia Y Esgrima De Jujuy,Mediocampista,25,21,638.0,6.66,0,0,0.0,0,,,17.0,4.0,,,10.0,198.0,80.81,5.0,,,33.0,6.0,1.0,39.0,72.0,10.0,8.0,2,1,0.0,0.0,0.0,0.0,,,2.4,0.56,1.41,0.71,,,4.66,5.5,1.41,1.13,0.28,0.14
932899,23950,Gonzalo Rodríguez,San Martín de Tucumán,Mediocampista,35,17,313.0,6.66,0,0,0.0,0,,,17.0,7.0,,,2.0,105.0,59.05,9.0,,,19.0,6.0,0.0,33.0,42.0,6.0,9.0,0,0,0.0,0.0,0.0,0.0,,,4.89,2.01,0.58,2.59,,,5.46,9.49,1.73,2.59,0.0,0.0
1109105,4938,Enzo Silcan,Almagro,Defensor,26,23,1625.0,6.66,0,0,0.0,0,,,4.0,0.0,,,6.0,441.0,63.27,5.0,,,135.0,58.0,4.0,139.0,128.0,8.0,22.0,4,0,0.0,0.0,0.0,0.0,,,0.22,0.0,0.33,0.28,,,7.48,7.7,0.44,1.22,0.22,0.0
925193,340432,Emanuel Cuello,Ciudad de Bolivar,Mediocampista,32,10,570.0,6.66,0,0,0.0,0,,,2.0,0.0,,,4.0,143.0,65.73,1.0,,,39.0,17.0,2.0,23.0,29.0,0.0,10.0,3,0,0.0,0.0,0.0,0.0,,,0.32,0.0,0.63,0.16,,,6.16,3.63,0.0,1.58,0.47,0.0
1131025,93107,Ezequiel Almirón,Estudiantes de Buenos Aires,Delantero,24,13,559.0,6.65,2,0,1.0,0,,,13.0,4.0,,,7.0,89.0,82.02,0.0,,,13.0,5.0,1.0,39.0,93.0,10.0,8.0,1,0,0.0,0.32,0.0,0.16,,,2.09,0.64,1.13,0.0,,,2.09,6.28,1.61,1.29,0.16,0.0
1482278,3200,Gonzalo Trindade,Nueva Chicago,Defensor,22,13,768.0,6.65,0,0,0.0,0,,,3.0,2.0,,,4.0,252.0,74.6,7.0,,,93.0,15.0,2.0,89.0,90.0,4.0,6.0,0,0,0.0,0.0,0.0,0.0,,,0.35,0.23,0.47,0.82,,,10.9,10.43,0.47,0.7,0.0,0.0
1535522,213361,Gabriel Paredes,San Telmo,Defensor,22,16,1002.0,6.65,1,1,2.0,0,,,11.0,3.0,,,10.0,345.0,67.83,13.0,,,84.0,20.0,1.0,95.0,124.0,13.0,24.0,6,0,0.0,0.09,0.09,0.18,,,0.99,0.27,0.9,1.17,,,7.54,8.53,1.17,2.16,0.54,0.0
2108952,213042,Julián Ariel Vera,Deportivo Maipú,Mediocampista,23,16,396.0,6.65,0,1,1.0,0,,,5.0,0.0,,,4.0,166.0,77.11,4.0,,,44.0,12.0,1.0,52.0,57.0,11.0,8.0,0,0,0.0,0.0,0.23,0.23,,,1.14,0.0,0.91,0.91,,,10.0,11.82,2.5,1.82,0.0,0.0
47451,264945,Gustavo Martin Fernandez,San Miguel,Delantero,36,19,1019.0,6.65,3,0,3.0,0,,,10.0,8.0,,,5.0,197.0,77.66,3.0,,,23.0,8.0,1.0,71.0,183.0,12.0,16.0,3,0,0.0,0.26,0.0,0.26,,,0.88,0.71,0.44,0.26,,,2.03,6.27,1.06,1.41,0.26,0.0
978872,222120,Yvo Calleros,Deportivo Madryn,Mediocampista,28,18,1075.0,6.65,2,0,2.0,0,,,11.0,3.0,,,1.0,307.0,68.73,2.0,,,114.0,39.0,3.0,125.0,100.0,11.0,10.0,1,0,0.0,0.17,0.0,0.17,,,0.92,0.25,0.08,0.17,,,9.54,10.47,0.92,0.84,0.08,0.0
128388,265787,Carlos Auzqui,Agropecuario Argentino,Delantero,35,19,814.0,6.65,0,0,0.0,0,,,13.0,5.0,,,7.0,334.0,73.65,8.0,,,54.0,4.0,1.0,89.0,91.0,17.0,22.0,8,1,0.0,0.0,0.0,0.0,,,1.44,0.55,0.77,0.88,,,5.97,9.84,1.88,2.43,0.88,0.11
790757,53799,Federico Castro,Atlanta,Delantero,34,22,673.0,6.65,2,1,3.0,0,,,7.0,5.0,,,3.0,111.0,62.16,4.0,,,18.0,7.0,0.0,51.0,99.0,14.0,14.0,0,0,0.0,0.27,0.13,0.4,,,0.94,0.67,0.4,0.53,,,2.41,6.82,1.87,1.87,0.0,0.0
2465622,265787,Lorenzo Barrera,Agropecuario Argentino,Delantero,23,8,465.0,6.65,1,1,2.0,1,,,8.0,5.0,,,1.0,64.0,68.75,3.0,,,13.0,2.0,1.0,33.0,64.0,8.0,5.0,1,0,0.0,0.19,0.19,0.39,,,1.55,0.97,0.19,0.58,,,2.52,6.39,1.55,0.97,0.19,0.0
239254,4938,Andrés Chávez,Almagro,Delantero,35,6,203.0,6.65,1,0,1.0,1,,,4.0,2.0,,,1.0,26.0,50.0,1.0,,,4.0,1.0,0.0,22.0,26.0,4.0,2.0,1,0,0.0,0.44,0.0,0.44,,,1.77,0.89,0.44,0.44,,,1.77,9.75,1.77,0.89,0.44,0.0
1485213,213361,Facundo Báez,San Telmo,Delantero,22,13,554.0,6.65,1,0,1.0,0,,,9.0,2.0,,,3.0,160.0,70.0,20.0,,,32.0,5.0,0.0,56.0,96.0,10.0,5.0,1,0,0.0,0.16,0.0,0.16,,,1.46,0.32,0.49,3.25,,,5.2,9.1,1.62,0.81,0.16,0.0
2022738,36841,Laureano Marra,Club Ferro Carril Oeste,Mediocampista,23,16,451.0,6.65,1,0,1.0,0,,,9.0,4.0,,,3.0,132.0,65.15,1.0,,,45.0,8.0,1.0,68.0,72.0,10.0,12.0,3,0,0.0,0.2,0.0,0.2,,,1.8,0.8,0.6,0.2,,,8.98,13.57,2.0,2.39,0.6,0.0
816609,213361,Fabián Henríquez,San Telmo,Defensor,31,8,488.0,6.65,0,1,1.0,0,,,0.0,0.0,,,0.0,233.0,78.11,1.0,,,62.0,17.0,4.0,44.0,28.0,2.0,5.0,4,0,0.0,0.0,0.18,0.18,,,0.0,0.0,0.0,0.18,,,11.43,8.11,0.37,0.92,0.74,0.0
1613988,112491,Valentín Serrano,Acassuso,Defensor,22,6,444.0,6.65,0,0,0.0,0,,,8.0,1.0,,,1.0,105.0,39.05,13.0,,,32.0,10.0,0.0,54.0,62.0,9.0,12.0,4,1,0.0,0.0,0.0,0.0,,,1.62,0.2,0.2,2.64,,,6.49,10.95,1.82,2.43,0.81,0.2
941485,3207,Franco García,Club Atletico Colón,Delantero,29,9,262.0,6.65,0,0,0.0,0,,,3.0,2.0,,,5.0,108.0,71.3,5.0,,,16.0,1.0,0.0,16.0,32.0,3.0,4.0,1,0,0.0,0.0,0.0,0.0,,,1.03,0.69,1.72,1.72,,,5.5,5.5,1.03,1.37,0.34,0.0
1597501,4938,Juan Martín Fernández Pinto,Almagro,Mediocampista,21,21,821.0,6.65,0,0,0.0,0,,,2.0,0.0,,,3.0,293.0,69.28,4.0,,,117.0,16.0,4.0,85.0,77.0,19.0,15.0,1,0,0.0,0.0,0.0,0.0,,,0.22,0.0,0.33,0.44,,,12.83,9.32,2.08,1.64,0.11,0.0
1819630,264945,Mateo Serra,San Miguel,Mediocampista,22,26,1474.0,6.65,0,0,0.0,0,,,14.0,4.0,,,5.0,568.0,75.18,31.0,,,154.0,22.0,4.0,187.0,219.0,31.0,32.0,3,0,0.0,0.0,0.0,0.0,,,0.85,0.24,0.31,1.89,,,9.4,11.42,1.89,1.95,0.18,0.0
966511,224646,Thomas Amilivia,Güemes,Delantero,28,19,706.0,6.65,2,0,2.0,1,,,14.0,3.0,,,2.0,165.0,76.97,3.0,,,17.0,8.0,2.0,57.0,95.0,5.0,4.0,0,0,0.0,0.25,0.0,0.25,,,1.78,0.38,0.25,0.38,,,2.17,7.27,0.64,0.51,0.0,0.0
932881,273657,Ignacio Valsagiácomo,Racing de Córdoba,Delantero,32,12,272.0,6.65,1,0,1.0,0,,,6.0,3.0,,,2.0,89.0,70.79,0.0,,,13.0,5.0,0.0,21.0,43.0,3.0,7.0,0,0,0.0,0.33,0.0,0.33,,,1.99,0.99,0.66,0.0,,,4.3,6.95,0.99,2.32,0.0,0.0
2179446,4938,Thiago José López,Almagro,Mediocampista,22,10,296.0,6.64,1,0,1.0,0,,,7.0,1.0,,,0.0,81.0,71.6,6.0,,,16.0,1.0,0.0,24.0,49.0,3.0,4.0,1,0,0.0,0.3,0.0,0.3,,,2.13,0.3,0.0,1.82,,,4.86,7.3,0.91,1.22,0.3,0.0
838304,222120,Nicolás Servetto,Deportivo Madryn,Delantero,30,26,1572.0,6.64,3,0,3.0,0,,,21.0,6.0,,,5.0,207.0,63.29,1.0,,,28.0,13.0,4.0,104.0,234.0,31.0,21.0,1,0,0.0,0.17,0.0,0.17,,,1.2,0.34,0.29,0.06,,,1.6,5.95,1.77,1.2,0.06,0.0
1158788,43740,Pedro Velurtas,Almirante Brown,Defensor,25,14,645.0,6.64,0,0,0.0,0,,,1.0,0.0,,,5.0,213.0,61.03,9.0,,,73.0,24.0,1.0,72.0,69.0,10.0,11.0,1,0,0.0,0.0,0.0,0.0,,,0.14,0.0,0.7,1.26,,,10.19,10.05,1.4,1.53,0.14,0.0
1418610,112491,Joaquin Postigo,Acassuso,Mediocampista,22,14,430.0,6.64,0,0,0.0,0,,,1.0,1.0,,,1.0,133.0,63.16,2.0,,,57.0,26.0,2.0,47.0,43.0,8.0,1.0,0,0,0.0,0.0,0.0,0.0,,,0.21,0.21,0.21,0.42,,,11.93,9.84,1.67,0.21,0.0,0.0
2051188,265787,Enzo Aguirre,Agropecuario Argentino,Mediocampista,23,19,970.0,6.64,0,0,0.0,0,,,11.0,3.0,,,9.0,468.0,72.01,9.0,,,96.0,17.0,1.0,96.0,108.0,11.0,17.0,3,0,0.0,0.0,0.0,0.0,,,1.02,0.28,0.84,0.84,,,8.91,8.91,1.02,1.58,0.28,0.0
1937594,6074,Santiago Martinez,Godoy Cruz,Mediocampista,22,11,396.0,6.64,1,0,0.0,0,,,10.0,3.0,,,6.0,85.0,67.06,6.0,,,10.0,2.0,0.0,24.0,52.0,7.0,11.0,1,0,0.0,0.23,0.0,0.0,,,2.27,0.68,1.36,1.36,,,2.27,5.45,1.59,2.5,0.23,0.0
859658,213361,Javier Iritier,San Telmo,Mediocampista,31,15,876.0,6.64,0,2,2.0,0,,,7.0,1.0,,,9.0,391.0,77.75,16.0,,,83.0,7.0,1.0,94.0,133.0,13.0,14.0,3,0,0.0,0.0,0.21,0.21,,,0.72,0.1,0.92,1.64,,,8.53,9.66,1.34,1.44,0.31,0.0
2078864,265787,Jorge Manuel Cabello,Agropecuario Argentino,Defensor,23,5,432.0,6.64,0,0,0.0,0,,,0.0,0.0,,,1.0,146.0,58.9,4.0,,,46.0,13.0,1.0,32.0,34.0,0.0,4.0,1,0,0.0,0.0,0.0,0.0,,,0.0,0.0,0.21,0.83,,,9.58,6.67,0.0,0.83,0.21,0.0
875325,112497,Gabriel Carrasco,Los Andes,Defensor,29,6,230.0,6.64,0,0,0.0,0,,,1.0,1.0,,,0.0,99.0,56.57,0.0,,,23.0,9.0,0.0,18.0,18.0,1.0,5.0,1,0,0.0,0.0,0.0,0.0,,,0.39,0.39,0.0,0.0,,,9.0,7.04,0.39,1.96,0.39,0.0
806381,265787,Oscar Belinetz,Agropecuario Argentino,Delantero,31,13,592.0,6.64,0,1,1.0,0,,,10.0,2.0,,,7.0,95.0,61.05,6.0,,,12.0,7.0,0.0,62.0,123.0,3.0,16.0,2,0,0.0,0.0,0.15,0.15,,,1.52,0.3,1.06,0.91,,,1.82,9.43,0.46,2.43,0.3,0.0
1392510,3200,Tomas Rodriguez,Nueva Chicago,Mediocampista,24,21,1082.0,6.64,0,0,0.0,0,,,8.0,4.0,,,3.0,369.0,80.22,7.0,,,94.0,10.0,3.0,96.0,94.0,27.0,18.0,3,0,0.0,0.0,0.0,0.0,,,0.67,0.33,0.25,0.58,,,7.82,7.99,2.25,1.5,0.25,0.0
316030,7772,Nicolas Pelaitay,San Martín de San Juan,Mediocampista,33,17,1044.0,6.64,0,0,0.0,0,,,3.0,0.0,,,5.0,326.0,83.13,1.0,,,132.0,21.0,2.0,145.0,98.0,15.0,18.0,2,0,0.0,0.0,0.0,0.0,,,0.26,0.0,0.43,0.09,,,11.38,12.5,1.29,1.55,0.17,0.0
1200740,112499,Valentino Werro,Temperley,Defensor,24,11,699.0,6.64,0,0,0.0,0,,,5.0,2.0,,,13.0,201.0,70.15,7.0,,,44.0,9.0,0.0,72.0,61.0,16.0,7.0,0,0,0.0,0.0,0.0,0.0,,,0.64,0.26,1.67,0.9,,,5.67,9.27,2.06,0.9,0.0,0.0
1875390,53799,Rodrigo Sosa,Atlanta,Defensor,24,17,1138.0,6.64,0,0,0.0,0,,,5.0,1.0,,,6.0,481.0,66.11,9.0,,,98.0,32.0,1.0,100.0,102.0,5.0,11.0,1,0,0.0,0.0,0.0,0.0,,,0.4,0.08,0.47,0.71,,,7.75,7.91,0.4,0.87,0.08,0.0
1834333,112491,Diego Roberts,Acassuso,Mediocampista,25,7,229.0,6.63,1,0,1.0,0,,,4.0,2.0,,,0.0,69.0,75.36,1.0,,,19.0,3.0,0.0,24.0,25.0,3.0,4.0,3,0,0.0,0.39,0.0,0.39,,,1.57,0.79,0.0,0.39,,,7.47,9.43,1.18,1.57,1.18,0.0
1126363,52215,Jonathan Dellarossa,Defensores de Belgrano,Delantero,26,12,661.0,6.63,1,0,1.0,0,,,16.0,7.0,,,1.0,114.0,57.02,9.0,,,12.0,7.0,0.0,53.0,80.0,9.0,6.0,0,1,0.0,0.14,0.0,0.14,,,2.18,0.95,0.14,1.23,,,1.63,7.22,1.23,0.82,0.0,0.14
1114508,224646,Matías Martínez,Güemes,Defensor,25,4,214.0,6.63,0,0,0.0,0,,,0.0,0.0,,,0.0,74.0,75.68,2.0,,,37.0,17.0,0.0,20.0,14.0,0.0,5.0,2,0,1.0,0.0,0.0,0.0,,,0.0,0.0,0.0,0.84,,,15.56,8.41,0.0,2.1,0.84,0.0
384150,23950,Víctor Salazar,San Martín de Tucumán,Defensor,33,21,1527.0,6.63,0,0,0.0,0,,,0.0,0.0,,,6.0,431.0,64.04,4.0,,,118.0,38.0,3.0,112.0,87.0,10.0,17.0,5,0,0.0,0.0,0.0,0.0,,,0.0,0.0,0.35,0.24,,,6.95,6.6,0.59,1.0,0.29,0.0
2041930,112493,Rodrigo Monserrat,Colegiales,Delantero,25,20,994.0,6.63,3,0,3.0,0,,,14.0,5.0,,,4.0,134.0,53.73,10.0,,,29.0,12.0,0.0,103.0,217.0,12.0,11.0,2,1,0.0,0.27,0.0,0.27,,,1.27,0.45,0.36,0.91,,,2.63,9.33,1.09,1.0,0.18,0.09
1627956,93107,Fernando Duré,Estudiantes de Buenos Aires,Mediocampista,29,15,612.0,6.63,1,0,0.0,0,,,3.0,1.0,,,1.0,144.0,69.44,1.0,,,52.0,12.0,1.0,42.0,26.0,2.0,5.0,2,0,0.0,0.15,0.0,0.0,,,0.44,0.15,0.15,0.15,,,7.65,6.18,0.29,0.74,0.29,0.0
1110009,43741,Facundo Heredia,Patronato,Mediocampista,27,19,713.0,6.63,0,0,0.0,0,,,5.0,0.0,,,6.0,184.0,72.28,3.0,,,65.0,17.0,1.0,62.0,61.0,4.0,5.0,2,0,0.0,0.0,0.0,0.0,,,0.63,0.0,0.76,0.38,,,8.2,7.83,0.5,0.63,0.25,0.0
603758,222126,Nicolás Contín,Gimnasia y Tiro de Salta,Delantero,30,26,1138.0,6.63,2,0,2.0,0,,,20.0,7.0,,,8.0,244.0,73.77,4.0,,,52.0,12.0,1.0,113.0,230.0,9.0,31.0,3,0,0.0,0.16,0.0,0.16,,,1.58,0.55,0.63,0.32,,,4.11,8.94,0.71,2.45,0.24,0.0
1018417,252726,Imanol Enriquez,Chaco For Ever,Delantero,26,18,1047.0,6.63,2,1,3.0,0,,,17.0,8.0,,,5.0,234.0,67.52,6.0,,,33.0,3.0,1.0,81.0,189.0,6.0,20.0,4,0,0.0,0.17,0.09,0.26,,,1.46,0.69,0.43,0.52,,,2.84,6.96,0.52,1.72,0.34,0.0
2277868,3200,Alejo Gonzalez,Nueva Chicago,Mediocampista,19,11,920.0,6.63,0,0,0.0,0,,,9.0,1.0,,,5.0,386.0,75.65,17.0,,,108.0,16.0,3.0,96.0,117.0,8.0,15.0,7,0,0.0,0.0,0.0,0.0,,,0.88,0.1,0.49,1.66,,,10.57,9.39,0.78,1.47,0.68,0.0
1133394,213361,Iñaki Lartirigoyen,San Telmo,Mediocampista,22,20,612.0,6.63,1,1,2.0,0,,,10.0,5.0,,,5.0,150.0,83.33,7.0,,,48.0,3.0,2.0,50.0,95.0,9.0,13.0,1,0,0.0,0.15,0.15,0.29,,,1.47,0.74,0.74,1.03,,,7.06,7.35,1.32,1.91,0.15,0.0
1017376,255425,Favio Cabral,CA Mitre,Delantero,25,20,927.0,6.63,1,0,1.0,0,,,15.0,5.0,,,7.0,174.0,69.54,3.0,,,33.0,5.0,3.0,82.0,190.0,26.0,29.0,3,1,0.0,0.1,0.0,0.1,,,1.46,0.49,0.68,0.29,,,3.2,7.96,2.52,2.82,0.29,0.1
1187976,340432,Guillermo Sánchez,Ciudad de Bolivar,Mediocampista,31,24,1737.0,6.63,5,2,7.0,0,,,24.0,12.0,,,10.0,312.0,59.94,22.0,,,37.0,5.0,0.0,96.0,175.0,11.0,21.0,6,0,0.0,0.26,0.1,0.36,,,1.24,0.62,0.52,1.14,,,1.92,4.97,0.57,1.09,0.31,0.0
817519,53799,Braian Rivero,Atlanta,Mediocampista,30,16,651.0,6.63,1,1,2.0,0,,,2.0,1.0,,,2.0,292.0,79.11,4.0,,,65.0,10.0,1.0,58.0,62.0,7.0,7.0,0,0,0.0,0.14,0.14,0.28,,,0.28,0.14,0.28,0.55,,,8.99,8.02,0.97,0.97,0.0,0.0
2044393,112497,Aaron Sandoval,Los Andes,Defensor,21,5,244.0,6.63,0,0,0.0,0,,,2.0,0.0,,,0.0,100.0,62.0,4.0,,,17.0,5.0,0.0,16.0,30.0,3.0,4.0,1,0,0.0,0.0,0.0,0.0,,,0.74,0.0,0.0,1.48,,,6.27,5.9,1.11,1.48,0.37,0.0
1175211,222120,Álvaro Dionisio,Deportivo Madryn,Defensor,28,11,337.0,6.62,0,0,0.0,0,,,2.0,1.0,,,0.0,118.0,77.12,2.0,,,26.0,12.0,1.0,25.0,26.0,1.0,9.0,1,0,0.0,0.0,0.0,0.0,,,0.53,0.27,0.0,0.53,,,6.94,6.68,0.27,2.4,0.27,0.0
249905,34976,Marcos Gabriel Fernandez,Atlético de Rafaela,Mediocampista,33,18,577.0,6.62,0,0,0.0,0,,,13.0,2.0,,,4.0,201.0,67.66,2.0,,,50.0,6.0,2.0,65.0,64.0,11.0,11.0,2,0,0.0,0.0,0.0,0.0,,,2.03,0.31,0.62,0.31,,,7.8,10.14,1.72,1.72,0.31,0.0
2678866,4936,Gonzalo Vega,Quilmes Atlético Club,Delantero,19,6,277.0,6.62,0,0,0.0,0,,,9.0,2.0,,,1.0,102.0,74.51,4.0,,,15.0,1.0,0.0,18.0,24.0,3.0,3.0,0,0,0.0,0.0,0.0,0.0,,,2.92,0.65,0.32,1.3,,,4.87,5.85,0.97,0.97,0.0,0.0
581778,93109,Maximiliano González,Deportivo Morón,Mediocampista,32,16,503.0,6.62,0,0,0.0,0,,,4.0,1.0,,,1.0,223.0,78.48,0.0,,,72.0,15.0,1.0,38.0,28.0,4.0,8.0,2,0,0.0,0.0,0.0,0.0,,,0.72,0.18,0.18,0.0,,,12.88,6.8,0.72,1.43,0.36,0.0
796999,34976,Ijiel Cesar Protti,Atlético de Rafaela,Mediocampista,31,12,187.0,6.62,2,0,2.0,0,,,7.0,4.0,,,1.0,41.0,78.05,2.0,,,7.0,2.0,1.0,27.0,28.0,3.0,4.0,0,0,0.0,0.96,0.0,0.96,,,3.37,1.93,0.48,0.96,,,3.37,12.99,1.44,1.93,0.0,0.0
915163,7772,Diego Mercado,San Martín de San Juan,Mediocampista,29,13,688.0,6.62,0,0,0.0,0,,,4.0,0.0,,,2.0,302.0,84.44,1.0,,,63.0,9.0,0.0,47.0,55.0,6.0,8.0,5,0,0.0,0.0,0.0,0.0,,,0.52,0.0,0.26,0.13,,,8.24,6.15,0.78,1.05,0.65,0.0
1096727,43740,Gaston Moreyra,Almirante Brown,Mediocampista,,6,306.0,6.62,0,0,0.0,0,,,8.0,3.0,,,2.0,122.0,72.13,3.0,,,20.0,1.0,0.0,22.0,37.0,2.0,3.0,0,0,0.0,0.0,0.0,0.0,,,2.35,0.88,0.59,0.88,,,5.88,6.47,0.59,0.88,0.0,0.0
941539,224646,Gianluca Pugliese,Güemes,Mediocampista,32,19,535.0,6.62,0,0,0.0,0,,,11.0,4.0,,,7.0,172.0,73.26,11.0,,,32.0,2.0,0.0,46.0,70.0,6.0,6.0,1,0,0.0,0.0,0.0,0.0,,,1.85,0.67,1.18,1.85,,,5.38,7.74,1.01,1.01,0.17,0.0
1197697,252726,Juan Carrizo,Chaco For Ever,Mediocampista,25,23,1498.0,6.61,0,1,1.0,0,,,13.0,2.0,,,4.0,445.0,76.4,2.0,,,144.0,15.0,2.0,130.0,157.0,15.0,23.0,5,1,0.0,0.0,0.06,0.06,,,0.78,0.12,0.24,0.12,,,8.65,7.81,0.9,1.38,0.3,0.06
231952,264945,Leandro Desábato,San Miguel,Mediocampista,36,16,858.0,6.61,0,0,0.0,0,,,2.0,0.0,,,2.0,293.0,83.62,3.0,,,99.0,10.0,1.0,76.0,55.0,5.0,14.0,5,1,0.0,0.0,0.0,0.0,,,0.21,0.0,0.21,0.31,,,10.38,7.97,0.52,1.47,0.52,0.1
2453686,255426,Tiago Taobas,Central Norte de Salta,Delantero,,17,632.0,6.61,0,0,0.0,0,,,15.0,3.0,,,2.0,108.0,67.59,10.0,,,21.0,3.0,0.0,53.0,111.0,7.0,11.0,0,1,0.0,0.0,0.0,0.0,,,2.14,0.43,0.28,1.42,,,2.99,7.55,1.0,1.57,0.0,0.14
989996,3214,Juan Ignacio Barbieri,Club Atlético Chacarita Juniors,Delantero,29,17,1087.0,6.61,2,1,3.0,0,,,19.0,6.0,,,3.0,184.0,72.83,2.0,,,42.0,7.0,2.0,102.0,227.0,13.0,18.0,2,0,0.0,0.17,0.08,0.25,,,1.57,0.5,0.25,0.17,,,3.48,8.45,1.08,1.49,0.17,0.0
1095005,7772,Leonardo Monje,San Martín de San Juan,Mediocampista,24,18,910.0,6.61,1,0,1.0,0,,,9.0,3.0,,,4.0,412.0,82.28,3.0,,,112.0,13.0,3.0,78.0,92.0,8.0,24.0,5,0,0.0,0.1,0.0,0.1,,,0.89,0.3,0.4,0.3,,,11.08,7.71,0.79,2.37,0.49,0.0
340449,6074,Federico Milo,Godoy Cruz,Defensor,34,13,287.0,6.61,0,1,1.0,0,,,3.0,1.0,,,2.0,156.0,71.15,4.0,,,36.0,12.0,0.0,29.0,32.0,3.0,3.0,1,0,0.0,0.0,0.31,0.31,,,0.94,0.31,0.63,1.25,,,11.29,9.09,0.94,0.94,0.31,0.0
2044388,93107,Tomás Squie,Estudiantes de Buenos Aires,Mediocampista,28,21,1248.0,6.61,0,1,1.0,0,,,8.0,1.0,,,7.0,393.0,66.16,13.0,,,114.0,17.0,2.0,118.0,111.0,19.0,11.0,5,0,0.0,0.0,0.07,0.07,,,0.58,0.07,0.5,0.94,,,8.22,8.51,1.37,0.79,0.36,0.0
1065604,93513,Maximiliano Luayza,Tristán Suárez,Mediocampista,24,12,466.0,6.61,1,0,0.0,0,,,7.0,2.0,,,1.0,172.0,70.93,1.0,,,45.0,3.0,1.0,29.0,40.0,4.0,10.0,2,0,0.0,0.19,0.0,0.0,,,1.35,0.39,0.19,0.19,,,8.69,5.6,0.77,1.93,0.39,0.0
1197979,222126,Ruben Villarreal,Gimnasia y Tiro de Salta,Defensor,35,14,497.0,6.61,0,0,0.0,0,,,3.0,1.0,,,5.0,148.0,69.59,4.0,,,52.0,3.0,1.0,31.0,40.0,8.0,6.0,1,0,0.0,0.0,0.0,0.0,,,0.54,0.18,0.91,0.72,,,9.42,5.61,1.45,1.09,0.18,0.0
1507575,273657,Emanuel Diaz,Racing de Córdoba,Defensor,24,13,757.0,6.61,0,0,0.0,0,,,1.0,0.0,,,3.0,212.0,66.04,2.0,,,74.0,18.0,7.0,56.0,52.0,4.0,6.0,2,0,0.0,0.0,0.0,0.0,,,0.12,0.0,0.36,0.24,,,8.8,6.66,0.48,0.71,0.24,0.0
1485242,252726,Mateo Díaz Chaves,Chaco For Ever,Delantero,22,15,450.0,6.61,2,0,2.0,0,,,5.0,3.0,,,2.0,110.0,80.91,3.0,,,18.0,3.0,0.0,52.0,84.0,9.0,9.0,1,0,0.0,0.4,0.0,0.4,,,1.0,0.6,0.4,0.6,,,3.6,10.4,1.8,1.8,0.2,0.0
1654474,52215,Francisco Tcherkaski,Defensores de Belgrano,Delantero,20,14,253.0,6.61,1,0,1.0,0,,,10.0,3.0,,,1.0,79.0,56.96,8.0,,,8.0,3.0,0.0,30.0,49.0,5.0,3.0,1,0,0.0,0.36,0.0,0.36,,,3.56,1.07,0.36,2.85,,,2.85,10.67,1.78,1.07,0.36,0.0
1117035,7772,Genaro Rossi,San Martín de San Juan,Delantero,24,17,613.0,6.61,1,0,1.0,0,,,8.0,2.0,,,6.0,125.0,72.8,10.0,,,21.0,6.0,5.0,46.0,111.0,7.0,9.0,1,0,0.0,0.15,0.0,0.15,,,1.17,0.29,0.88,1.47,,,3.08,6.75,1.03,1.32,0.15,0.0
2047965,53799,Dylan Argüello,Atlanta,Defensor,22,17,1170.0,6.61,0,0,0.0,0,,,3.0,1.0,,,3.0,356.0,74.72,4.0,,,117.0,31.0,4.0,104.0,104.0,20.0,20.0,6,1,0.0,0.0,0.0,0.0,,,0.23,0.08,0.23,0.31,,,9.0,8.0,1.54,1.54,0.46,0.08
1468139,255426,Tomás Castro,Central Norte de Salta,Mediocampista,26,9,586.0,6.6,1,0,1.0,0,,,5.0,2.0,,,2.0,126.0,69.05,0.0,,,19.0,6.0,0.0,21.0,49.0,2.0,4.0,0,0,0.0,0.15,0.0,0.15,,,0.77,0.31,0.31,0.0,,,2.92,3.23,0.31,0.61,0.0,0.0
2065619,112491,Lucas Rey,Acassuso,Delantero,27,14,537.0,6.6,1,0,1.0,0,,,11.0,5.0,,,1.0,145.0,68.97,16.0,,,22.0,2.0,0.0,59.0,78.0,11.0,9.0,0,1,0.0,0.17,0.0,0.17,,,1.84,0.84,0.17,2.68,,,3.69,9.89,1.84,1.51,0.0,0.17
2044347,93107,Bautista Degregorio,Estudiantes de Buenos Aires,Mediocampista,22,21,651.0,6.6,1,0,1.0,0,,,6.0,4.0,,,8.0,248.0,72.98,6.0,,,41.0,9.0,1.0,61.0,87.0,7.0,10.0,1,0,0.0,0.14,0.0,0.14,,,0.83,0.55,1.11,0.83,,,5.67,8.43,0.97,1.38,0.14,0.0
906813,273657,Gaspar Vega,Racing de Córdoba,Mediocampista,34,10,501.0,6.6,0,1,1.0,0,,,0.0,0.0,,,1.0,214.0,80.84,1.0,,,64.0,16.0,2.0,47.0,37.0,4.0,8.0,2,0,0.0,0.0,0.18,0.18,,,0.0,0.0,0.18,0.18,,,11.5,8.44,0.72,1.44,0.36,0.0
1485593,93107,Roman Rodriguez,Estudiantes de Buenos Aires,Mediocampista,22,4,196.0,6.6,0,0,0.0,0,,,0.0,0.0,,,0.0,45.0,80.0,0.0,,,15.0,0.0,1.0,10.0,8.0,3.0,3.0,0,0,0.0,0.0,0.0,0.0,,,0.0,0.0,0.0,0.0,,,6.89,4.59,1.38,1.38,0.0,0.0
859969,255426,Arián Pucheta,Central Norte de Salta,Defensor,31,6,192.0,6.6,0,0,0.0,0,,,0.0,0.0,,,0.0,63.0,68.25,0.0,,,19.0,10.0,1.0,11.0,14.0,1.0,3.0,1,0,0.0,0.0,0.0,0.0,,,0.0,0.0,0.0,0.0,,,8.91,5.16,0.47,1.41,0.47,0.0
2472916,112493,Ezequiel Aguirre Quirós,Colegiales,Defensor,,6,441.0,6.6,0,0,0.0,0,,,2.0,0.0,,,0.0,119.0,71.43,1.0,,,53.0,17.0,1.0,36.0,37.0,3.0,5.0,1,0,0.0,0.0,0.0,0.0,,,0.41,0.0,0.0,0.2,,,10.82,7.35,0.61,1.02,0.2,0.0
2309679,264945,Elian De La Cruz,San Miguel,Mediocampista,,8,232.0,6.6,0,0,0.0,0,,,1.0,0.0,,,1.0,84.0,72.62,3.0,,,35.0,9.0,0.0,27.0,34.0,2.0,3.0,0,0,0.0,0.0,0.0,0.0,,,0.39,0.0,0.39,1.16,,,13.58,10.47,0.78,1.16,0.0,0.0
1015630,224646,Óscar Vanegas,Güemes,Defensor,30,11,903.0,6.6,0,0,0.0,0,,,1.0,1.0,,,1.0,351.0,80.34,0.0,,,90.0,51.0,8.0,88.0,43.0,7.0,8.0,7,1,0.0,0.0,0.0,0.0,,,0.1,0.1,0.1,0.0,,,8.97,8.77,0.7,0.8,0.7,0.1
1504130,6074,Agustín Valverde,Godoy Cruz,Mediocampista,24,11,307.0,6.6,0,0,0.0,0,,,7.0,2.0,,,3.0,100.0,66.0,3.0,,,29.0,2.0,0.0,28.0,35.0,9.0,5.0,1,0,0.0,0.0,0.0,0.0,,,2.05,0.59,0.88,0.88,,,8.5,8.21,2.64,1.47,0.29,0.0
2238492,222126,Juan Cruz Oviedo,Gimnasia y Tiro de Salta,Defensor,20,12,416.0,6.6,0,0,0.0,0,,,4.0,0.0,,,2.0,104.0,72.12,3.0,,,64.0,11.0,0.0,55.0,39.0,9.0,4.0,0,0,0.0,0.0,0.0,0.0,,,0.87,0.0,0.43,0.65,,,13.85,11.9,1.95,0.87,0.0,0.0
1066572,52215,Fabián Sánchez,Defensores de Belgrano,Defensor,25,13,837.0,6.6,0,0,0.0,0,,,7.0,0.0,,,6.0,283.0,60.78,18.0,,,83.0,22.0,0.0,121.0,94.0,7.0,16.0,4,0,0.0,0.0,0.0,0.0,,,0.75,0.0,0.65,1.94,,,8.92,13.01,0.75,1.72,0.43,0.0
1018466,36834,Tomás Assennato,All Boys,Mediocampista,28,13,233.0,6.6,0,0,0.0,0,,,0.0,0.0,,,4.0,69.0,68.12,7.0,,,13.0,3.0,0.0,31.0,27.0,2.0,4.0,1,0,0.0,0.0,0.0,0.0,,,0.0,0.0,1.55,2.7,,,5.02,11.97,0.77,1.55,0.39,0.0
122614,224646,Fernando Godoy,Güemes,Mediocampista,36,22,1713.0,6.6,0,0,0.0,0,,,9.0,2.0,,,2.0,880.0,79.66,2.0,,,196.0,33.0,5.0,128.0,142.0,12.0,40.0,5,1,0.0,0.0,0.0,0.0,,,0.47,0.11,0.11,0.11,,,10.3,6.73,0.63,2.1,0.26,0.05
989389,340432,Khalil Caraballo,Ciudad de Bolivar,Delantero,27,20,1304.0,6.6,1,0,1.0,0,,,25.0,8.0,,,3.0,193.0,59.59,11.0,,,30.0,14.0,2.0,135.0,241.0,24.0,47.0,3,1,0.0,0.07,0.0,0.07,,,1.73,0.55,0.21,0.76,,,2.07,9.32,1.66,3.24,0.21,0.07
174509,4936,Mauro Fernández,Quilmes Atlético Club,Mediocampista,37,19,597.0,6.59,0,0,0.0,0,,,6.0,2.0,,,9.0,194.0,68.04,12.0,,,39.0,5.0,0.0,51.0,71.0,6.0,3.0,1,0,0.0,0.0,0.0,0.0,,,0.9,0.3,1.36,1.81,,,5.88,7.69,0.9,0.45,0.15,0.0
2086030,224646,Ciro Andrés Leineker,Güemes,Delantero,24,18,648.0,6.59,0,2,2.0,0,,,16.0,2.0,,,4.0,120.0,74.17,5.0,,,19.0,9.0,0.0,59.0,125.0,7.0,5.0,1,1,0.0,0.0,0.28,0.28,,,2.22,0.28,0.56,0.69,,,2.64,8.19,0.97,0.69,0.14,0.14
1196717,270344,Mariano Penepil,Ferrocarril Midland,Defensor,23,17,684.0,6.59,0,1,1.0,0,,,9.0,0.0,,,4.0,238.0,68.91,10.0,,,69.0,23.0,1.0,66.0,96.0,6.0,5.0,4,0,0.0,0.0,0.13,0.13,,,1.18,0.0,0.53,1.32,,,9.08,8.68,0.79,0.66,0.53,0.0
877903,252726,Lucas Pruzzo,Chaco For Ever,Defensor,32,14,903.0,6.59,0,1,1.0,0,,,4.0,0.0,,,2.0,253.0,65.22,9.0,,,102.0,36.0,1.0,98.0,63.0,11.0,28.0,9,1,0.0,0.0,0.1,0.1,,,0.4,0.0,0.2,0.9,,,10.17,9.77,1.1,2.79,0.9,0.1
1018449,5292,Pablo Argañaraz,Gimnasia Y Esgrima De Jujuy,Mediocampista,28,25,851.0,6.59,2,0,2.0,0,,,18.0,7.0,,,8.0,176.0,65.91,9.0,,,48.0,6.0,1.0,66.0,126.0,17.0,17.0,0,0,0.0,0.21,0.0,0.21,,,1.9,0.74,0.85,0.95,,,5.08,6.98,1.8,1.8,0.0,0.0
1017448,255425,Pablo Minissale,CA Mitre,Defensor,25,24,1990.0,6.59,0,0,0.0,0,,,7.0,1.0,,,7.0,791.0,76.99,0.0,,,189.0,64.0,7.0,166.0,140.0,8.0,26.0,5,1,0.0,0.0,0.0,0.0,,,0.32,0.05,0.32,0.0,,,8.55,7.51,0.36,1.18,0.23,0.05
340731,43740,Facundo Quignon,Almirante Brown,Mediocampista,33,9,272.0,6.59,0,0,0.0,0,,,2.0,1.0,,,0.0,118.0,72.03,2.0,,,23.0,0.0,1.0,34.0,32.0,5.0,3.0,1,0,0.0,0.0,0.0,0.0,,,0.66,0.33,0.0,0.66,,,7.61,11.25,1.65,0.99,0.33,0.0
2077338,252726,Federico Moreno,Chaco For Ever,Mediocampista,25,8,347.0,6.59,0,0,0.0,0,,,0.0,0.0,,,0.0,83.0,69.88,0.0,,,27.0,12.0,2.0,26.0,18.0,0.0,3.0,1,0,0.0,0.0,0.0,0.0,,,0.0,0.0,0.0,0.0,,,7.0,6.74,0.0,0.78,0.26,0.0
872142,224646,Axel Bordon,Güemes,Defensor,30,24,1822.0,6.59,0,0,0.0,0,,,2.0,1.0,,,5.0,639.0,73.4,4.0,,,211.0,52.0,4.0,183.0,156.0,22.0,20.0,4,0,0.0,0.0,0.0,0.0,,,0.1,0.05,0.25,0.2,,,10.42,9.04,1.09,0.99,0.2,0.0
129862,34976,Mauro Quiroga,Atlético de Rafaela,Delantero,36,21,815.0,6.59,1,1,2.0,0,,,9.0,3.0,,,5.0,114.0,65.79,0.0,,,15.0,21.0,1.0,99.0,176.0,3.0,19.0,1,0,0.0,0.11,0.11,0.22,,,0.99,0.33,0.55,0.0,,,1.66,10.93,0.33,2.1,0.11,0.0
1397706,23950,Gastón Monroy,San Martín de Tucumán,Mediocampista,26,8,194.0,6.59,0,0,0.0,0,,,2.0,0.0,,,1.0,60.0,71.67,2.0,,,16.0,1.0,1.0,17.0,23.0,4.0,3.0,3,0,0.0,0.0,0.0,0.0,,,0.93,0.0,0.46,0.93,,,7.42,7.89,1.86,1.39,1.39,0.0
2046429,43740,Joaquín Velázquez,Almirante Brown,Mediocampista,24,22,959.0,6.59,0,0,0.0,0,,,3.0,1.0,,,4.0,325.0,71.08,2.0,,,104.0,20.0,3.0,109.0,89.0,2.0,27.0,2,0,0.0,0.0,0.0,0.0,,,0.28,0.09,0.38,0.19,,,9.76,10.23,0.19,2.53,0.19,0.0
922447,213361,Juan Zurbriggen,San Telmo,Delantero,26,16,486.0,6.58,0,0,0.0,0,,,13.0,1.0,,,5.0,110.0,66.36,1.0,,,22.0,7.0,1.0,49.0,119.0,5.0,17.0,1,0,0.0,0.0,0.0,0.0,,,2.41,0.19,0.93,0.19,,,4.07,9.07,0.93,3.15,0.19,0.0
2465610,112491,Álex Ruiz,Acassuso,Defensor,26,21,1723.0,6.58,0,2,2.0,0,,,9.0,2.0,,,10.0,471.0,62.0,8.0,,,185.0,55.0,4.0,178.0,137.0,31.0,35.0,6,1,0.0,0.0,0.1,0.1,,,0.47,0.1,0.52,0.42,,,9.66,9.3,1.62,1.83,0.31,0.05
2466102,264945,Franco Aguirre,San Miguel,Defensor,24,10,518.0,6.58,0,0,0.0,0,,,0.0,0.0,,,1.0,125.0,70.4,0.0,,,77.0,35.0,2.0,72.0,43.0,0.0,7.0,1,1,0.0,0.0,0.0,0.0,,,0.0,0.0,0.17,0.0,,,13.38,12.51,0.0,1.22,0.17,0.17
1537829,112491,Natan Acosta,Acassuso,Mediocampista,23,15,646.0,6.58,0,0,0.0,0,,,4.0,0.0,,,2.0,186.0,65.05,12.0,,,60.0,9.0,0.0,77.0,105.0,10.0,15.0,5,0,0.0,0.0,0.0,0.0,,,0.56,0.0,0.28,1.67,,,8.36,10.73,1.39,2.09,0.7,0.0
1009157,255425,Mateo Montenegro,CA Mitre,Mediocampista,28,9,421.0,6.58,0,0,0.0,0,,,2.0,0.0,,,0.0,172.0,76.74,2.0,,,46.0,5.0,2.0,28.0,40.0,7.0,8.0,3,0,0.0,0.0,0.0,0.0,,,0.43,0.0,0.0,0.43,,,9.83,5.99,1.5,1.71,0.64,0.0
2036647,43740,Julián López,Almirante Brown,Delantero,29,18,729.0,6.58,2,0,2.0,0,,,14.0,6.0,,,0.0,89.0,71.91,1.0,,,17.0,5.0,2.0,69.0,142.0,2.0,14.0,0,0,0.0,0.25,0.0,0.25,,,1.73,0.74,0.0,0.12,,,2.1,8.52,0.25,1.73,0.0,0.0
1092324,53799,Alejo Dramisino,Atlanta,Mediocampista,26,4,210.0,6.58,0,0,0.0,0,,,1.0,0.0,,,0.0,51.0,68.63,1.0,,,12.0,2.0,0.0,14.0,14.0,4.0,1.0,0,0,0.0,0.0,0.0,0.0,,,0.43,0.0,0.0,0.43,,,5.14,6.0,1.71,0.43,0.0,0.0
2159407,213361,Martín Alejandro González,San Telmo,Defensor,,9,510.0,6.58,0,0,0.0,0,,,3.0,1.0,,,3.0,117.0,56.41,3.0,,,39.0,17.0,0.0,38.0,34.0,1.0,5.0,1,0,0.0,0.0,0.0,0.0,,,0.53,0.18,0.53,0.53,,,6.88,6.71,0.18,0.88,0.18,0.0
1605507,270344,Rodrigo Cao,Ferrocarril Midland,Delantero,25,19,832.0,6.57,1,0,1.0,0,,,15.0,7.0,,,5.0,160.0,76.25,6.0,,,23.0,6.0,1.0,63.0,191.0,11.0,23.0,1,0,0.0,0.11,0.0,0.11,,,1.62,0.76,0.54,0.65,,,2.49,6.81,1.19,2.49,0.11,0.0
895357,36834,Matías Rodríguez,All Boys,Mediocampista,33,11,220.0,6.57,0,1,1.0,0,,,4.0,0.0,,,5.0,84.0,76.19,1.0,,,21.0,6.0,0.0,27.0,35.0,8.0,9.0,2,0,0.0,0.0,0.41,0.41,,,1.64,0.0,2.05,0.41,,,8.59,11.05,3.27,3.68,0.82,0.0
2469038,112491,Felipe José Senn,Acassuso,Delantero,25,11,602.0,6.57,0,0,0.0,0,,,10.0,2.0,,,6.0,83.0,59.04,4.0,,,16.0,4.0,0.0,51.0,87.0,20.0,16.0,3,0,0.0,0.0,0.0,0.0,,,1.5,0.3,0.9,0.6,,,2.39,7.62,2.99,2.39,0.45,0.0
1210390,273657,Santiago Rinaudo,Racing de Córdoba,Defensor,28,22,1393.0,6.57,0,0,0.0,0,,,11.0,6.0,,,6.0,342.0,59.94,11.0,,,86.0,26.0,2.0,118.0,109.0,18.0,30.0,5,0,0.0,0.0,0.0,0.0,,,0.71,0.39,0.39,0.71,,,5.56,7.62,1.16,1.94,0.32,0.0
1597491,252726,Bahiano Benjamin Garcia,Chaco For Ever,Mediocampista,25,6,264.0,6.57,0,0,0.0,0,,,5.0,1.0,,,0.0,74.0,78.38,3.0,,,28.0,2.0,0.0,27.0,50.0,5.0,9.0,1,0,0.0,0.0,0.0,0.0,,,1.7,0.34,0.0,1.02,,,9.55,9.2,1.7,3.07,0.34,0.0
1835863,224646,Santiago Farrera,Güemes,Mediocampista,20,9,194.0,6.57,0,0,0.0,0,,,1.0,1.0,,,3.0,111.0,83.78,2.0,,,27.0,1.0,0.0,27.0,36.0,6.0,4.0,0,0,0.0,0.0,0.0,0.0,,,0.46,0.46,1.39,0.93,,,12.53,12.53,2.78,1.86,0.0,0.0
932939,5292,Diego López,Gimnasia Y Esgrima De Jujuy,Defensor,34,10,477.0,6.56,0,0,0.0,0,,,3.0,2.0,,,0.0,128.0,70.31,0.0,,,37.0,9.0,1.0,25.0,35.0,3.0,5.0,0,0,0.0,0.0,0.0,0.0,,,0.57,0.38,0.0,0.0,,,6.98,4.72,0.57,0.94,0.0,0.0
947212,23950,Facundo Pons,San Martín de Tucumán,Delantero,30,14,737.0,6.56,1,0,1.0,0,,,25.0,6.0,,,3.0,108.0,64.81,2.0,,,16.0,2.0,0.0,51.0,139.0,10.0,16.0,2,0,0.0,0.12,0.0,0.12,,,3.05,0.73,0.37,0.24,,,1.95,6.23,1.22,1.95,0.24,0.0
1523699,222126,Juan Capano,Gimnasia y Tiro de Salta,Mediocampista,22,17,368.0,6.56,0,1,1.0,0,,,5.0,2.0,,,1.0,62.0,58.06,4.0,,,19.0,3.0,1.0,37.0,63.0,7.0,3.0,0,0,0.0,0.0,0.24,0.24,,,1.22,0.49,0.24,0.98,,,4.65,9.05,1.71,0.73,0.0,0.0
1092303,224646,Iván Ortigoza,Güemes,Mediocampista,31,5,293.0,6.56,0,0,0.0,0,,,3.0,0.0,,,1.0,98.0,62.24,10.0,,,15.0,2.0,1.0,25.0,37.0,4.0,3.0,1,0,0.0,0.0,0.0,0.0,,,0.92,0.0,0.31,3.07,,,4.61,7.68,1.23,0.92,0.31,0.0
1003008,93109,Francisco Flores,Deportivo Morón,Defensor,24,6,241.0,6.56,0,0,0.0,0,,,1.0,0.0,,,2.0,86.0,72.09,2.0,,,26.0,8.0,0.0,23.0,17.0,1.0,3.0,1,0,0.0,0.0,0.0,0.0,,,0.37,0.0,0.75,0.75,,,9.71,8.59,0.37,1.12,0.37,0.0
800243,3200,Facundo Castro,Nueva Chicago,Delantero,30,16,581.0,6.56,0,0,0.0,0,,,12.0,5.0,,,4.0,95.0,80.0,2.0,,,9.0,8.0,1.0,39.0,86.0,9.0,6.0,0,0,0.0,0.0,0.0,0.0,,,1.86,0.77,0.62,0.31,,,1.39,6.04,1.39,0.93,0.0,0.0
1465284,112491,Juan Cruz Ponce,Acassuso,Defensor,26,18,960.0,6.56,0,0,0.0,0,,,4.0,2.0,,,8.0,406.0,67.73,14.0,,,106.0,23.0,1.0,96.0,110.0,6.0,18.0,1,0,0.0,0.0,0.0,0.0,,,0.38,0.19,0.75,1.31,,,9.94,9.0,0.56,1.69,0.09,0.0
2469254,3214,Francisco Cristaldo,Club Atlético Chacarita Juniors,Delantero,22,9,236.0,6.56,1,0,1.0,0,,,6.0,4.0,,,0.0,75.0,84.0,6.0,,,16.0,5.0,2.0,33.0,50.0,3.0,6.0,0,0,0.0,0.38,0.0,0.38,,,2.29,1.53,0.0,2.29,,,6.1,12.58,1.14,2.29,0.0,0.0
1835828,3200,Diego Barros,Nueva Chicago,Delantero,20,16,680.0,6.55,0,0,0.0,0,,,10.0,2.0,,,4.0,116.0,70.69,19.0,,,49.0,14.0,2.0,75.0,89.0,6.0,11.0,2,0,0.0,0.0,0.0,0.0,,,1.32,0.26,0.53,2.51,,,6.49,9.93,0.79,1.46,0.26,0.0
2216610,3200,Nazareno Petrecca,Nueva Chicago,Mediocampista,20,6,193.0,6.55,0,0,0.0,0,,,2.0,2.0,,,1.0,32.0,65.63,5.0,,,7.0,2.0,0.0,22.0,33.0,8.0,3.0,1,0,0.0,0.0,0.0,0.0,,,0.93,0.93,0.47,2.33,,,3.26,10.26,3.73,1.4,0.47,0.0
989485,3207,Emanuel Beltrán,Club Atletico Colón,Mediocampista,28,12,351.0,6.55,0,0,0.0,0,,,8.0,0.0,,,2.0,124.0,67.74,2.0,,,37.0,7.0,0.0,29.0,25.0,0.0,2.0,1,0,0.0,0.0,0.0,0.0,,,2.05,0.0,0.51,0.51,,,9.49,7.44,0.0,0.51,0.26,0.0
989881,3200,Ramiro Balbuena,Nueva Chicago,Mediocampista,26,14,438.0,6.55,0,0,0.0,0,,,5.0,0.0,,,4.0,158.0,72.15,12.0,,,26.0,3.0,0.0,52.0,74.0,5.0,10.0,0,0,0.0,0.0,0.0,0.0,,,1.03,0.0,0.82,2.47,,,5.34,10.68,1.03,2.05,0.0,0.0
1131036,112497,Tomás Díaz,Los Andes,Mediocampista,25,17,279.0,6.55,0,0,0.0,0,,,6.0,0.0,,,6.0,78.0,79.49,4.0,,,15.0,2.0,1.0,39.0,58.0,5.0,3.0,2,0,0.0,0.0,0.0,0.0,,,1.94,0.0,1.94,1.29,,,4.84,12.58,1.61,0.97,0.65,0.0
971191,222120,Julian Cosi,Deportivo Madryn,Mediocampista,28,18,819.0,6.55,1,0,1.0,0,,,4.0,4.0,,,5.0,233.0,66.95,6.0,,,54.0,19.0,1.0,56.0,63.0,5.0,18.0,2,1,0.0,0.11,0.0,0.11,,,0.44,0.44,0.55,0.66,,,5.93,6.15,0.55,1.98,0.22,0.11
146950,4938,Matías Laba,Almagro,Mediocampista,34,14,595.0,6.55,0,0,0.0,0,,,0.0,0.0,,,1.0,251.0,76.1,3.0,,,78.0,28.0,1.0,56.0,49.0,5.0,12.0,1,0,0.0,0.0,0.0,0.0,,,0.0,0.0,0.15,0.45,,,11.8,8.47,0.76,1.82,0.15,0.0
1117056,252726,Juan Cruz Cerrudo,Chaco For Ever,Mediocampista,22,11,573.0,6.55,1,0,1.0,1,,,9.0,2.0,,,4.0,158.0,62.66,7.0,,,41.0,3.0,0.0,56.0,75.0,14.0,12.0,3,0,0.0,0.16,0.0,0.16,,,1.41,0.31,0.63,1.1,,,6.44,8.8,2.2,1.88,0.47,0.0
2048021,265787,Danilo Ruiz Díaz,Agropecuario Argentino,Mediocampista,23,9,382.0,6.54,0,0,0.0,0,,,10.0,2.0,,,4.0,133.0,58.65,5.0,,,29.0,2.0,0.0,37.0,76.0,6.0,15.0,2,0,0.0,0.0,0.0,0.0,,,2.36,0.47,0.94,1.18,,,6.83,8.72,1.41,3.53,0.47,0.0
1524040,112491,Nahuel Petillo Mediza,Acassuso,Mediocampista,24,10,339.0,6.54,0,0,0.0,0,,,1.0,0.0,,,0.0,100.0,68.0,1.0,,,28.0,11.0,4.0,27.0,32.0,1.0,3.0,0,0,0.0,0.0,0.0,0.0,,,0.27,0.0,0.0,0.27,,,7.43,7.17,0.27,0.8,0.0,0.0
2077670,112491,Martín Schlotthauer,Acassuso,Delantero,26,7,269.0,6.54,0,0,0.0,0,,,3.0,1.0,,,2.0,48.0,54.17,0.0,,,9.0,1.0,0.0,22.0,61.0,2.0,5.0,1,0,0.0,0.0,0.0,0.0,,,1.0,0.33,0.67,0.0,,,3.01,7.36,0.67,1.67,0.33,0.0
1182406,93513,Ayrton Sánchez,Tristán Suárez,Mediocampista,26,15,469.0,6.54,0,0,0.0,0,,,4.0,3.0,,,2.0,173.0,57.23,4.0,,,30.0,12.0,0.0,39.0,54.0,6.0,7.0,2,1,0.0,0.0,0.0,0.0,,,0.77,0.58,0.38,0.77,,,5.76,7.48,1.15,1.34,0.38,0.19
992075,224646,Gaston Espósito,Güemes,Mediocampista,28,8,204.0,6.54,1,0,1.0,0,,,4.0,2.0,,,1.0,50.0,80.0,3.0,,,14.0,3.0,0.0,24.0,41.0,6.0,6.0,1,0,0.0,0.44,0.0,0.44,,,1.76,0.88,0.44,1.32,,,6.18,10.59,2.65,2.65,0.44,0.0
883930,252726,Brian Guerra,Chaco For Ever,Mediocampista,30,8,263.0,6.54,0,0,0.0,0,,,6.0,0.0,,,3.0,106.0,72.64,2.0,,,18.0,0.0,0.0,29.0,53.0,4.0,13.0,4,0,0.0,0.0,0.0,0.0,,,2.05,0.0,1.03,0.68,,,6.16,9.92,1.37,4.45,1.37,0.0
822596,255426,Gianluca Mancuso,Central Norte de Salta,Mediocampista,28,22,1382.0,6.54,1,0,1.0,0,,,8.0,2.0,,,5.0,457.0,75.71,6.0,,,171.0,30.0,3.0,133.0,132.0,13.0,38.0,6,1,0.0,0.07,0.0,0.07,,,0.52,0.13,0.33,0.39,,,11.14,8.66,0.85,2.47,0.39,0.07
826956,340432,Nicolas Ihitz,Ciudad de Bolivar,Defensor,31,3,181.0,6.53,0,0,0.0,0,,,2.0,0.0,,,0.0,43.0,76.74,0.0,,,15.0,8.0,1.0,15.0,10.0,0.0,6.0,2,0,0.0,0.0,0.0,0.0,,,0.99,0.0,0.0,0.0,,,7.46,7.46,0.0,2.98,0.99,0.0
941468,112493,Leandro Martínez Montagnoli,Colegiales,Defensor,39,4,317.0,6.53,0,0,0.0,0,,,1.0,1.0,,,0.0,66.0,72.73,0.0,,,29.0,11.0,0.0,21.0,17.0,0.0,4.0,2,0,0.0,0.0,0.0,0.0,,,0.28,0.28,0.0,0.0,,,8.23,5.96,0.0,1.14,0.57,0.0
2125422,4938,Santiago Chamorro,Almagro,Defensor,23,7,342.0,6.53,0,0,0.0,0,,,0.0,0.0,,,0.0,84.0,60.71,2.0,,,36.0,8.0,1.0,34.0,22.0,4.0,8.0,0,0,0.0,0.0,0.0,0.0,,,0.0,0.0,0.0,0.53,,,9.47,8.95,1.05,2.11,0.0,0.0
2045786,255425,Luciano Correa,CA Mitre,Defensor,24,9,443.0,6.53,0,0,0.0,0,,,1.0,0.0,,,2.0,140.0,70.71,7.0,,,41.0,7.0,1.0,41.0,47.0,3.0,2.0,0,0,0.0,0.0,0.0,0.0,,,0.2,0.0,0.41,1.42,,,8.33,8.33,0.61,0.41,0.0,0.0
881250,255425,Juan Pablo Zarate,CA Mitre,Delantero,35,17,270.0,6.53,2,0,1.0,0,,,5.0,1.0,,,2.0,61.0,72.13,1.0,,,6.0,4.0,0.0,21.0,55.0,3.0,4.0,1,0,0.0,0.67,0.0,0.33,,,1.67,0.33,0.67,0.33,,,2.0,7.0,1.0,1.33,0.33,0.0
971174,112497,Tomás Blanco,Los Andes,Delantero,27,7,253.0,6.53,1,0,1.0,0,,,4.0,3.0,,,1.0,32.0,75.0,0.0,,,13.0,0.0,0.0,12.0,48.0,3.0,4.0,2,1,0.0,0.36,0.0,0.36,,,1.42,1.07,0.36,0.0,,,4.62,4.27,1.07,1.42,0.71,0.36
863307,224646,Facundo Rizzi,Güemes,Defensor,29,14,645.0,6.53,0,0,0.0,0,,,0.0,0.0,,,1.0,311.0,81.99,3.0,,,61.0,25.0,0.0,32.0,37.0,4.0,3.0,0,0,0.0,0.0,0.0,0.0,,,0.0,0.0,0.14,0.42,,,8.51,4.47,0.56,0.42,0.0,0.0
600602,340432,Francisco Ilarregui,Ciudad de Bolivar,Mediocampista,29,9,212.0,6.52,1,0,1.0,0,,,2.0,1.0,,,1.0,55.0,70.91,2.0,,,7.0,1.0,0.0,18.0,36.0,5.0,1.0,1,0,0.0,0.42,0.0,0.42,,,0.85,0.42,0.42,0.85,,,2.97,7.64,2.12,0.42,0.42,0.0
1465721,4936,Pio Bonacci,Quilmes Atlético Club,Delantero,27,16,435.0,6.52,0,0,0.0,0,,,7.0,1.0,,,2.0,83.0,77.11,3.0,,,18.0,7.0,1.0,60.0,135.0,8.0,13.0,3,0,0.0,0.0,0.0,0.0,,,1.45,0.21,0.41,0.62,,,3.72,12.41,1.66,2.69,0.62,0.0
1185976,213042,Nicolas Fernandez,Deportivo Maipú,Defensor,24,14,279.0,6.52,0,0,0.0,0,,,1.0,0.0,,,3.0,149.0,71.14,4.0,,,25.0,17.0,1.0,26.0,19.0,2.0,5.0,0,1,0.0,0.0,0.0,0.0,,,0.32,0.0,0.97,1.29,,,8.06,8.39,0.65,1.61,0.0,0.32
897060,5292,Claudio Pombo,Gimnasia Y Esgrima De Jujuy,Mediocampista,32,14,434.0,6.51,0,0,0.0,0,,,6.0,1.0,,,2.0,189.0,67.2,7.0,,,67.0,9.0,1.0,64.0,56.0,10.0,10.0,1,1,0.0,0.0,0.0,0.0,,,1.24,0.21,0.41,1.45,,,13.89,13.27,2.07,2.07,0.21,0.21
358628,222120,Facundo Ospitaleche,Deportivo Madryn,Mediocampista,30,8,278.0,6.51,0,0,0.0,0,,,5.0,2.0,,,0.0,83.0,71.08,2.0,,,33.0,8.0,1.0,39.0,32.0,7.0,7.0,1,0,0.0,0.0,0.0,0.0,,,1.62,0.65,0.0,0.65,,,10.68,12.63,2.27,2.27,0.32,0.0
1182395,5292,Agustín Alonso,Gimnasia Y Esgrima De Jujuy,Mediocampista,25,10,259.0,6.51,0,0,0.0,0,,,5.0,0.0,,,1.0,60.0,58.33,3.0,,,8.0,0.0,0.0,17.0,36.0,2.0,3.0,0,0,0.0,0.0,0.0,0.0,,,1.74,0.0,0.35,1.04,,,2.78,5.91,0.69,1.04,0.0,0.0
941421,34976,Francisco Nouet,Atlético de Rafaela,Mediocampista,28,14,634.0,6.51,1,0,1.0,0,,,9.0,3.0,,,4.0,148.0,61.49,7.0,,,27.0,6.0,1.0,46.0,69.0,3.0,11.0,4,0,0.0,0.14,0.0,0.14,,,1.28,0.43,0.57,0.99,,,3.83,6.53,0.43,1.56,0.57,0.0
2465544,264945,Tomás Díaz,San Miguel,Delantero,29,19,635.0,6.51,0,0,0.0,0,,,8.0,6.0,,,2.0,165.0,79.39,9.0,,,48.0,8.0,2.0,81.0,106.0,24.0,7.0,2,0,0.0,0.0,0.0,0.0,,,1.13,0.85,0.28,1.28,,,6.8,11.48,3.4,0.99,0.28,0.0
2169729,3214,André Maldonado,Club Atlético Chacarita Juniors,Mediocampista,19,6,370.0,6.5,0,0,0.0,0,,,1.0,0.0,,,2.0,148.0,62.16,2.0,,,32.0,4.0,0.0,33.0,29.0,7.0,1.0,1,0,0.0,0.0,0.0,0.0,,,0.24,0.0,0.49,0.49,,,7.78,8.03,1.7,0.24,0.24,0.0
1653788,213361,Matias Salerno,San Telmo,Mediocampista,21,9,240.0,6.5,0,0,0.0,0,,,2.0,2.0,,,4.0,63.0,69.84,5.0,,,10.0,2.0,1.0,20.0,33.0,3.0,3.0,0,0,0.0,0.0,0.0,0.0,,,0.75,0.75,1.5,1.88,,,3.75,7.5,1.12,1.12,0.0,0.0
155708,255426,Maximiliano Padilla,Central Norte de Salta,Defensor,32,13,867.0,6.5,0,0,0.0,0,,,2.0,0.0,,,3.0,250.0,71.6,4.0,,,87.0,22.0,3.0,75.0,53.0,2.0,12.0,5,2,0.0,0.0,0.0,0.0,,,0.21,0.0,0.31,0.42,,,9.03,7.79,0.21,1.25,0.52,0.21
1197692,93513,Augusto Berrondo,Tristán Suárez,Mediocampista,26,18,522.0,6.49,1,1,2.0,0,,,9.0,2.0,,,2.0,67.0,56.72,2.0,,,12.0,7.0,0.0,29.0,91.0,4.0,9.0,0,0,0.0,0.17,0.17,0.34,,,1.55,0.34,0.34,0.34,,,2.07,5.0,0.69,1.55,0.0,0.0
2054605,270344,Dylan Aguilar,Ferrocarril Midland,Mediocampista,22,7,223.0,6.47,0,0,0.0,0,,,2.0,0.0,,,0.0,77.0,77.92,1.0,,,30.0,4.0,0.0,21.0,28.0,8.0,5.0,1,0,0.0,0.0,0.0,0.0,,,0.81,0.0,0.0,0.4,,,12.11,8.48,3.23,2.02,0.4,0.0
1003016,3207,Matías Godoy,Club Atletico Colón,Mediocampista,24,8,271.0,6.47,0,0,0.0,0,,,3.0,1.0,,,5.0,96.0,83.33,6.0,,,9.0,0.0,0.0,28.0,44.0,12.0,6.0,1,1,0.0,0.0,0.0,0.0,,,1.0,0.33,1.66,1.99,,,2.99,9.3,3.99,1.99,0.33,0.33
1184847,4938,Facundo De La Vega,Almagro,Delantero,23,7,392.0,6.47,0,1,1.0,0,,,6.0,1.0,,,1.0,50.0,54.0,3.0,,,10.0,5.0,0.0,28.0,50.0,0.0,3.0,2,0,0.0,0.0,0.23,0.23,,,1.38,0.23,0.23,0.69,,,2.3,6.43,0.0,0.69,0.46,0.0
1465723,213042,Mateo Ortale,Deportivo Maipú,Defensor,24,5,188.0,6.47,0,0,0.0,0,,,0.0,0.0,,,0.0,98.0,64.29,1.0,,,18.0,4.0,0.0,17.0,11.0,4.0,2.0,0,0,0.0,0.0,0.0,0.0,,,0.0,0.0,0.0,0.48,,,8.62,8.14,1.91,0.96,0.0,0.0
1131366,224646,Laureano Martínez,Güemes,Portero,24,2,180.0,6.45,0,0,0.0,0,,,0.0,0.0,,,0.0,66.0,75.76,0.0,,,10.0,1.0,0.0,0.0,0.0,0.0,0.0,0,0,0.0,0.0,0.0,0.0,,,0.0,0.0,0.0,0.0,,,5.0,0.0,0.0,0.0,0.0,0.0
1398566,36841,Lucas Ruiz,Club Ferro Carril Oeste,Portero,24,2,180.0,6.45,0,0,0.0,0,,,0.0,0.0,,,0.0,50.0,84.0,0.0,,,13.0,0.0,0.0,0.0,0.0,0.0,0.0,0,0,0.0,0.0,0.0,0.0,,,0.0,0.0,0.0,0.0,,,6.5,0.0,0.0,0.0,0.0,0.0
1466810,3214,Lisandro Montenegro,Club Atlético Chacarita Juniors,Mediocampista,23,8,202.0,6.45,0,0,0.0,0,,,2.0,0.0,,,0.0,61.0,65.57,4.0,,,15.0,3.0,0.0,30.0,45.0,7.0,7.0,0,0,0.0,0.0,0.0,0.0,,,0.89,0.0,0.0,1.78,,,6.68,13.37,3.12,3.12,0.0,0.0
986502,112491,David Escalante,Acassuso,Delantero,35,7,268.0,6.44,1,0,1.0,0,,,3.0,1.0,,,1.0,44.0,72.73,0.0,,,9.0,3.0,1.0,20.0,48.0,2.0,5.0,0,0,0.0,0.34,0.0,0.34,,,1.01,0.34,0.34,0.0,,,3.02,6.72,0.67,1.68,0.0,0.0
1502101,340432,Jonatan Maciel,Ciudad de Bolivar,Delantero,32,17,646.0,6.44,0,1,1.0,0,,,7.0,2.0,,,4.0,141.0,69.5,3.0,,,29.0,6.0,3.0,73.0,208.0,3.0,24.0,3,0,0.0,0.0,0.14,0.14,,,0.98,0.28,0.56,0.42,,,4.04,10.17,0.42,3.34,0.42,0.0
1498998,3200,Diego Arroyo,Nueva Chicago,Defensor,23,7,298.0,6.43,0,0,0.0,0,,,3.0,0.0,,,0.0,102.0,70.59,2.0,,,32.0,8.0,2.0,29.0,39.0,5.0,6.0,1,0,0.0,0.0,0.0,0.0,,,0.91,0.0,0.0,0.6,,,9.66,8.76,1.51,1.81,0.3,0.0
1094181,112497,Facundo Echevarría,Los Andes,Delantero,24,11,314.0,6.43,0,0,0.0,0,,,8.0,2.0,,,0.0,72.0,69.44,1.0,,,10.0,4.0,0.0,19.0,59.0,3.0,7.0,1,0,0.0,0.0,0.0,0.0,,,2.29,0.57,0.0,0.29,,,2.87,5.45,0.86,2.01,0.29,0.0
1549513,36834,Santiago Cáceres,All Boys,Mediocampista,,11,310.0,6.42,0,0,0.0,0,,,3.0,0.0,,,0.0,104.0,75.96,1.0,,,30.0,4.0,0.0,25.0,47.0,1.0,13.0,2,0,0.0,0.0,0.0,0.0,,,0.87,0.0,0.0,0.29,,,8.71,7.26,0.29,3.77,0.58,0.0
1114486,93107,Facundo Vila,Estudiantes de Buenos Aires,Portero,23,3,270.0,6.4,0,0,0.0,0,,,0.0,0.0,,,0.0,74.0,78.38,0.0,,,11.0,1.0,0.0,3.0,0.0,1.0,0.0,0,0,0.0,0.0,0.0,0.0,,,0.0,0.0,0.0,0.0,,,3.67,1.0,0.33,0.0,0.0,0.0
1897541,3214,Dylan Duran,Club Atlético Chacarita Juniors,Defensor,21,7,407.0,6.4,0,0,0.0,0,,,1.0,0.0,,,4.0,91.0,73.63,1.0,,,29.0,3.0,0.0,23.0,32.0,3.0,11.0,2,0,0.0,0.0,0.0,0.0,,,0.22,0.0,0.88,0.22,,,6.41,5.09,0.66,2.43,0.44,0.0
2606982,112491,Alexis Gónzalez Duarte,Acassuso,Delantero,,8,314.0,6.4,0,0,0.0,0,,,3.0,1.0,,,2.0,68.0,61.76,3.0,,,10.0,1.0,0.0,28.0,55.0,1.0,5.0,1,0,0.0,0.0,0.0,0.0,,,0.86,0.29,0.57,0.86,,,2.87,8.03,0.29,1.43,0.29,0.0
1891530,224646,Walter Juárez,Güemes,Defensor,27,19,1453.0,6.39,0,0,0.0,0,,,4.0,2.0,,,1.0,565.0,74.34,3.0,,,149.0,46.0,3.0,123.0,98.0,15.0,14.0,3,1,0.0,0.0,0.0,0.0,,,0.25,0.12,0.06,0.19,,,9.23,7.62,0.93,0.87,0.19,0.06
2153445,213042,Felipe Rivarola,Deportivo Maipú,Delantero,26,10,465.0,6.39,0,0,0.0,0,,,4.0,0.0,,,3.0,62.0,54.84,4.0,,,7.0,3.0,0.0,28.0,92.0,2.0,11.0,2,0,0.0,0.0,0.0,0.0,,,0.77,0.0,0.58,0.77,,,1.35,5.42,0.39,2.13,0.39,0.0
